0001,6e970944-bc68-39d1-af7c-27d013e3e67f
123lp,6dad32cf-0fd6-310b-9be3-06921fd00490
15rfece0cpfjxqyj,7ebfca0c-5c8c-3fec-98ff-d58235442658
1agevrn8z9agsvqa,24ee82fd-3399-3aaf-be86-66d0ede81e99
20ro03,575f60d5-7d35-3926-9799-4f193f90075f
2yn8qok0vlvmcnz5,8ef16e79-d345-3ebb-8494-baee695d9c3f
3icd_fvcgocj3zuc,33f1bb98-8c08-3416-8378-9447561b99c2
3mepofsj7mcdizzo,26be0ffc-2a91-3e8b-90b0-11eb9f8ba203
4qgafjxw8ielxgwc,ec284487-4cba-39b2-b2a8-2ee09440b7cc
4wfnudz8aqp3c6tj,058d223d-ba85-33b0-bac8-ebdf8292467d
5ocizn88ocgme7to,536a93aa-0372-33d6-bab3-800171ccca49
5ub2sib8yqd7h8ju,722ec5b0-6a21-3430-90a2-2928c1bcef9c
5y78i9,39271dfe-b0b8-3122-9cc8-5355dd769bef
6dexyktlyql1ey9l,379226ae-17eb-3b0f-9a45-e6475702afa0
6xth,2382b0bd-9c8c-3252-92ca-cb15e2594900
9cxyafv8c4f4js1j,70c51b90-e27c-3bfb-b86c-ed00aa4cdb5b
_adolfogamer_,542e5f31-ed7f-3bc0-8ad4-1b28962f53a7
_baskungz,b928dc84-abfb-3a69-93e4-5a3eb155a348
_black__goku_,8d7f6ee3-b07d-3281-b69e-e9e8ecdc491a
_buzzbloody_,83409e36-799f-3bf8-998e-bd19c2f845b3
_chicken,dd5c729b-9390-326f-8ba2-fe5fb3c7500b
_dargameryt_,dddfda40-17a6-373e-a2b3-c4503b92b285
_fabiii,e07e21fa-1afa-3206-b8d6-1c77bfe9b274
_idanielhaff,5b55c9a8-8e60-3bc0-bacb-715db320178a
_itzshayslii_,0088d2a2-823e-3a1b-8e2f-7542b5290d61
_kevinhd_,734365ec-d01a-3f5f-a096-700009400bed
_minecrafteando_,e7576ced-7759-3ba0-859e-c2011327dec5
_pipe_,91500565-df6d-3882-9af2-cb29377c1985
_sonicfan_,7b4cde5c-2ede-3b59-b2ce-8a6464121466
_thecheater_,21e85eb0-1e42-3603-b2aa-c7e28fb9200d
_thexomm9719_,92125844-2652-3de7-92ae-a16524396f27
_vitelrp,cd5f4184-1b67-3b53-956d-91e6c376ce83
_yonthan_12,f95262ed-ee9e-371a-9762-5a30e4a78266
_zragor_,1de256d8-8d43-32f6-af51-38e458b4240b
a_brave_panda,77c929b4-1e27-3334-ba93-95afe264ccd3
aaronprohd,81189758-de06-34ab-9d5e-91c3267f747c
aasadsda,a8c76c7b-fc3e-304b-9a16-f5639b6f9f0e
abcedario4,5873459e-eff6-35af-8f10-63a2fabbbe4d
abdullah_reis,e3c69785-0b32-3508-aa69-2101b2043bf2
abelsplay,4fab4c35-87a0-3291-927d-b65423bcac11
abraham_lolxd,50accffc-3cd0-3ef2-84ab-fd47f64dd4b3
abranchoelflash,ddd87c09-10c2-315b-b744-fd3c80a8a5df
achito23,548971c3-3ceb-3146-922f-e655f8d5e3d9
adminshop,1172c56a-7c35-3fed-b481-d27ea6587733
adrian_gamer13,5e17d27a-7af1-3480-a36d-bf23f08cc849
adyadysor,607db15e-bbf0-3bf0-8cff-02db3f67313c
agtasd,68e545e1-c4d5-3bf9-aaab-b0ea34134393
aguecr,4bee0fba-0e95-388a-9df4-527468d75764
aguex40422022,efc4b310-8b2b-3ca0-a201-3723cbaaaf44
agus4747,ee552277-9dec-3070-b199-aa3eb027b0fe
agus94elasd,e4d64e98-a06e-3db9-afdc-69a78d6c0fae
agusgamesuhc,2adc2ef2-166d-36a4-ac28-0901a06d11ee
agusgamesyt,fddf2004-aec2-3958-8218-3f9a0ce62110
agushd,4d24f7e3-bac8-3690-87cc-f480a5ce8ef3
agusplaying,1c15b1bc-420a-374b-91ba-fe60d29e629d
agussub,d4d42209-81bc-3361-a034-b63e93876f14
agustherey,0e55fc11-f69d-3bc7-904e-5789d69dbfbd
agusxdd,cb0ee1bd-5bdb-35b0-9206-3b62eabb8dc7
agusxxxxxxx,8b0e9f2d-3f60-357a-bf5a-e231e1452bc8
aguuss25,45a978c7-46d8-38dc-9bc0-377382f23788
ahmedhakwar,70fd30e3-5dcb-3768-8e34-9c64bc491afd
aircry,915fa1ed-05b9-38cd-978c-b6f9eeab1460
aj14,c1a10f4f-3142-341a-9359-38aad56fecdc
alamdre321yt,7d26f248-317e-3623-aea9-c4ef88ca0092
alan117cpns,14b1527b-9da3-314a-8024-0f7b3e5cc062
alangamerpvp,13e8371a-8764-3745-91dd-ef4fec39590f
albertocrack123,9e7b4096-f9a7-3ddb-a501-8aa2b62533d2
ale_gs,2d064bb0-8b15-3186-8fa8-5257a2b538de
alejandro02,28dd6350-3ac1-3808-91b8-5fe28ec0f930
alejandro162,7f06ca82-1a81-3f2f-821f-ad3bcc1edbde
alejandro3013,282a3cb3-4234-3eb6-9e16-296e2b916d2c
alejito,210e8356-f37d-3ff7-8c2a-9980cb78a352
alejo180616,a16ba7fa-3d70-391c-9234-d12b3deee61a
alejo18_gamer,a659e614-acb3-3c1d-9518-f6c7e8a64a99
alejogamez_hd,124d5895-4022-3d82-aa4f-99a4d65a7706
alekzdzn,4d6409db-b805-3914-b649-760e9b1651d5
aleplayer2001,6923ab85-1552-3a25-84e5-e44026a4341c
alepvpuruguayo2,327e5399-03db-3283-8c12-70fdaf84b564
alex0106,b43dd48f-e2b4-3214-ae72-e8a123dfbdb1
alex_234,037eb1c6-2dd5-3fbb-96f0-3437c6520784
alex_angervik,a6466fad-6500-32b0-99c8-8b84de8afef7
alexander29_yt,4fa31dfd-98f7-36b1-9ce1-b0616db45ae7
alexandre3960,cc4ced0b-2490-39ff-819f-abf712a4864d
alexblack70,afea8b58-5b06-331a-bdf9-a0dd6ae263c6
alexgg14,35e58386-0fe6-3911-b1fc-42b05d433d1f
alexitosyt,a5a594ef-2d62-3c40-8334-de7a85154992
alexxito17,1c964e6a-8425-31b7-af98-12fc6dfedbc4
alfongamer,dbc93b7c-41d4-30de-b096-c405afc580da
all_migth,97d9bec4-018b-3295-8a3b-ecc45cc95b21
alperbeyhd_v2,7e665ff2-7f77-3017-be3f-921d00e0f467
altergames,c0e61278-a8fd-385a-8212-de698f54314a
alvertofx,6f1f1c63-e263-33fc-b7b9-2d73b75c70ae
alys04,8f065ae5-020f-3766-8019-1ac5597a2586
amusedcat,3245610d-6676-3903-bfb9-da69277187ed
anarquiatotal,81077bef-937e-376c-adfc-a71190849ea1
anchelitoo,c71c253f-21b2-3ab5-aca1-66d84508e4e6
andersonmatyt,3cfa450b-6182-3451-99f8-508d60c4e373
andreaso13,95012c73-3672-33ed-a1a0-c24999748f25
andres2001,89a1540f-1216-31f1-82be-21bb6659e7a1
andresfelipe2089,93a9782c-74ee-39bb-a1e3-08de8fd2114e
andresgamersyt,c06af92a-ad23-39d7-a78a-25fba198a277
andresito906,d3ead1e2-010f-3b7b-a7bd-f5eb5438d844
andrewaldoplay,c990fbc4-3802-3280-a573-5dbbe1a63131
angelmanchelo20,1ed1dfd0-5b38-3016-86bd-0aee49c29aaa
angelozxc,fb2dfb5a-1e95-3a73-aec4-2fbf80204fe9
angelussss,a90839d7-443e-3618-9330-c35f83460e66
aniiax,5b138ee8-9499-3a85-b8fe-c700f5396c06
animeagustin111,e252b298-5842-3018-8433-e8b35437f740
anisess,d7e9729c-1949-36b4-90ef-81ba099d9476
anitagamer,d8150bc5-19cb-3035-a8af-646024caf1f5
anonimoncio,d9107219-10c0-3a3e-8e82-c3a08e1a76b4
anonymusubkazz,01ccc37a-9a00-32f9-998d-2664258348e4
anonymusyt,e7b41f3a-1b1a-31a6-99cc-1ba8f1c8e097
antoniodavid07,1df0ea77-2f3c-3921-9e34-d83de2d7073d
antorep,9f9b7ada-fc4e-3196-8e6f-eafa6cab097a
aquenomematas,c1a4c2b4-ae19-3781-845b-468430b4de2b
arcticmonkeys,3a2835ab-5a33-3f7b-8e0c-4ff592e873da
argus_g18,e6b056ac-b83e-3011-8d6f-5f41ae7ec2da
arkanus_ghost,acfb9fb1-2d13-353f-8116-25c69901b638
arlegend,56ec5e58-d470-3c08-8d32-7d313f7a597d
arnaugc,f4774cfc-eabd-33b3-9436-9307c61a0a7d
artur612,e13ff34d-9d10-3ce8-9363-f0f15d4ca49a
asdasdasdasdasd,a3f633fe-7471-3128-80d4-c20b47db1003
asdfa,77c9d28e-fd13-386d-8a50-2e0343c8c444
asdjajasalu2,777914de-2fd8-3b43-b7e8-c43faf3eeffc
asquir,400cbc8b-6c74-3d9f-86af-0479150e8b75
assassinfrog123,6dc4a172-2c29-3542-a825-4a8f02f31a3b
aste2005,b323319a-17dc-3504-b416-6f679f75f6f5
atapping,f683035b-dc68-3240-8f69-18bf543bad64
bakaleshera,368661a6-4193-3625-832c-4b4b38c92df6
bananahd,158a1f7b-83fa-3986-bda2-fe82b934fcae
bandizeros,dcd36ae0-e1b6-371c-b672-7a122c66425d
banme_,d3a0f414-22b3-3ec2-8515-7c85b5cd757d
bartololol,3211f4e8-82db-3412-91bf-8aa44d3046bc
bas333,5b39fe02-5e6e-33f9-bcf0-ef1363f12fdb
baskcube48,769707d6-4c9e-36f6-afb9-7973bb326b7a
bbooymoorenoo,b5fa8d79-17fe-3c1e-b6f0-d9412180e23a
beaker1206,3fc49b98-0d8c-3ae3-987c-b0826a953bde
benjaelcrack,37f59e91-4029-31dc-957b-8d29b8ac4e21
benjakh7,5d247319-f394-359e-9733-f40b4cb58d00
benjaxdm,c6c42304-1451-34f5-a448-070b841ae46e
bennycekcy,908d4cce-4892-336b-b214-233bb06f0764
berkayhd,eef0b86a-fbb3-3d32-b7c0-169c41d26e9c
bertus89,b5f4112c-2d9e-3872-8644-cc37e500e24b
beyby,bd58ea17-912c-361e-9750-525e93232793
bh2910,d7fd5066-1329-3bb9-b937-3507c68e133e
biel741,3b3557bc-b499-3360-941e-f38b9d18cf24
bioniccreeper,08631c38-7916-3146-a92d-ee24752c1f35
bking10,cd283e6d-2caa-3387-ac08-5045a0f87a93
blaackbryan,695a1580-4511-3adb-8a82-0b7627bd9aab
blackfter_yt,80666e27-6877-324f-958f-098c38627bd1
blackravenjrl,e75d728d-6800-3dda-b0e3-acb0e47fc6d3
blacksheepyt,eab74e27-e068-380a-b2a6-f1848e7adffd
blackveemon,601e4737-f9df-3179-b290-a4727d69a410
blackzombie,daab6109-fe05-38db-a8c4-a49248f60a00
bluebkt,9f16f4ad-1251-375b-b2d1-1b017ebf13c7
bluedreams12,d5cc6117-0f0b-3f36-9829-a4abf4ba51b7
blufus1,8343c2b6-9722-325e-9a3d-e2cd10b9dd4e
bogdanro,7009fb31-90ec-3de3-915c-8af1a2bf7186
bonniegamer22,2c28e201-9f6b-37e6-9eaa-2aaeb3455e14
boyhm_pvp,33be5173-7b45-3e65-9a2b-c8080e3540b0
boyka,418eeaa6-bea9-3aca-9df1-6bdbb9289776
braisthegamer,900a2aa7-aa88-3b39-85e5-d6d8f2feb695
brewdis,be01df6f-32e2-3c3d-a238-79324e7bf98a
brian_master,60991951-a6ee-3f4f-b17a-e7d6e6c37b79
briangamerpvp,93bf7cda-9ae6-3abe-95ae-405fb58a3d98
brights,33b4e51a-f217-34f9-8c6c-40c069ed6985
brindeymine26,e4e9885a-4222-3b46-a45c-9265927ef5e8
brndy,06322ac5-3217-3821-8720-7780cb407776
brunogamer_xd,abf39052-c2ad-37d5-a48e-e9956e044515
brunothegamer,359d1bfa-0360-3c1b-9482-24d1f4a728bc
buenokill,9208f126-edb5-30ac-aed5-ae814bf9fe29
burgoitaaa,1d8ea85d-4ef2-3ace-bea1-270ce192620a
butt_saginton23,61ade095-825e-3ce5-80e9-504dd855b7b9
byangel,6da2cc99-de87-38e2-bc61-977f7bb7969e
byanimus66,ae86af0d-a18e-318a-ab0d-d5f0e723a01b
bybolo,eb412d77-51d9-37d1-9fb5-688e5af56cd1
bydanielxd,f27605e2-bb87-38a5-b950-05373fc77572
bydarking,ee9b4abd-f8be-38f4-9320-5c171cb6aff6
byeterby,43bfd232-9781-36a5-8d85-2d8dd518ebb0
byfantasmapvp,82c259f7-a9b9-327e-9195-f6198c5ed0ce
byhelper_youtube,5878d242-bb50-346b-98b9-e38788d8d9e5
byluxorhd,e6ca67c2-d7e8-3049-b10a-c1da95196845
bynicohd21,170d7d4a-6af2-339e-b397-0a727cdcf777
bypi3rito10,f7e40f77-81a4-3c60-82d4-3bb6633eacc7
byronx97,65966318-39c7-3845-aefa-37a8b250f425
bysnoow,d9a9a4b2-e524-334f-a711-55821c220590
cachisitoyt,3cc3fd79-37fc-35c3-aa19-2e2690ae7053
caka,48c41489-f9a7-393e-9743-a0c46e45d217
calamard0,a9941b0d-9d5f-3ba7-8982-e61f58cfc6b5
caleb,4ace7f51-6849-3b32-8ebc-c0420dd21b7b
calechucraft,fc069428-ccaf-3305-b20b-eeff1bd4bac7
cami_neko093,212d61e0-f4d6-39ed-a5ba-9bb74b9e65f5
capitanamerica2,7716b68a-642b-35e3-b380-1c9ce3b47965
capoeira1,e9f01a68-f34a-3838-bce7-b0cf0fc84db5
captainjaneke,9f1081ad-5b49-3d08-9031-469dc3658520
carlitos214312,ad4012f5-7c76-3d65-81d1-6c7c0ccf8b32
carlosftp16,ef8c341c-44e3-3446-b035-2a0974d4eb14
carlosgames47,a2e4a15f-64b9-3b1e-a064-3082d1c1f764
carolteamo,d9e9fefe-cb5f-3553-b160-ec15ad5783d1
carrie_white,2499eb67-b93c-39e3-ac70-1cd0f7ddcff7
carrotkiller_pvp,3ce3a643-b86a-3fb6-a0e4-7488aa0d2b80
castillogamer10,2f1bb258-8022-35a7-8839-9edf293cb955
catcrazyz,d81678fc-1600-3363-9572-90972d7a517b
cazadorxd,5818428f-d16f-358e-90e9-8cecd0b7bbfa
cerby,2e6e8f19-d7d7-369b-8bad-d87b162bea36
cespedes12,74733a01-a54c-3947-8288-5c14877e22d5
chagollanes,a8160265-d317-3760-8c95-0e117e11dbad
chappie,00b9c634-f0e6-3631-9fe1-5f87d811d4df
charlottelbp,81ad8452-faac-3f06-bfaa-be77f44897d1
charlyexidax,6603307b-17b1-3663-84e1-5aeb769cdf7a
charmander,9d89b7b1-f99c-3d5b-8f0c-aba6fb08dc47
cheekix,70b5c544-2bac-31f0-9100-c4488e46f974
chicagamerhd,4f2c879a-caac-3bd0-be75-da845d4a1c35
chilledoutskillz,73c938f4-6bbb-3c89-937e-a9e5489605e3
chitosgamer,039e3f8f-861b-335d-873b-7afa363b787a
chocoh,3b50b611-2581-3e47-a314-a0fda7fddb26
chris4500,43030ec7-671d-32ef-aa6e-61ed4b5fac2d
christopher20,7333640b-167c-34cf-b391-7e70e106de42
chusnegroman,a657f6c7-3ca1-3b4d-b3cf-c6415682e778
cl3m3ns_,e91cd98a-84e3-378a-8eae-ece482674c20
cleusgamer201,bdb39cc3-7782-3a37-9f8f-20ee8de60fa0
clietne_,ab608d37-ebc0-3725-ac0d-8ca3f73bca84
cobragaymer,93eded1d-5777-3308-ac92-2f4998e260fb
coldplyr,deb41486-6af9-38ee-9bb7-f50b4170974f
comitial192,07b92900-085e-3991-a956-4efb3efb27f6
cool105,bca3a682-4f04-35f9-8b34-9a86bc98ee93
coolblueguy,a1077fd8-d52f-31c8-a8b4-c976cf0f87f9
coreytaz,0833268d-de5f-3012-82bf-b8a7ec3349b5
cosmiczeta,1d782bb9-b2f3-34c6-8973-012311bebd39
cowman1,809c1ee2-d03d-3c7a-9e98-9cfee45add6c
craft2003joao,c5e5a62e-a670-3d31-b43c-ab8ab2468200
craftdax,6ac552e7-7bc3-3ce9-bbba-20bd8f240efa
crayko,a71f7054-5147-3e38-bca4-7d0b4afcd40a
crfat,1f7cf11f-2531-3246-aec8-9b027807e550
cristiangeimer,88b4cbb7-952d-384c-90cc-058f51efabc0
crozal,9db7c52b-220e-369b-b8d3-443c8e9e1387
crujigon,25e4a82c-e619-3c91-ba62-5a4c602e416f
cubs,c706303a-be83-31d4-9574-0943ed60a28a
culeray,1065457c-6359-32b3-9339-aab8cb425ddd
culerayt,8057e180-51e3-382b-a3b0-6c832de7197a
cupido_pvp,148b86a0-64a7-3448-aa3e-74a1701ba8b5
cydarkstar,7fee321a-f0e5-3a6b-90b5-d8a860461f44
cyndon,e0da9575-7537-3706-a4e5-ec81a0dde3f6
da_fgz,9023c436-14f5-38bd-8dac-09b6c9147975
daddy_jhona,41537d9a-0adb-3b27-9609-e9384ca5d654
daddyreach,4f93252a-93a7-37f4-8b16-8fdb241e2b8c
dambay,f66a916d-42f1-3248-a84a-1a53b37ff84d
damian590,f7216e59-05a3-3409-ab6e-2d9d106834ed
dancraft55,03a162e7-3e06-32cc-b4d6-6b1389f284dc
daniel_scf,b525196b-15cc-3807-8bd3-f3cf4c5e22e1
danikazer26,9de56f0d-d611-32c6-9061-6f0c89c40a18
dankmatter,90616209-4f93-30ab-8080-d36728cc2ec9
danmanyt,9bf4e002-e726-3b9d-99ef-d5ae324d5309
danmaster16,965b8526-1459-3dbf-8e6c-ec0d76267066
dante,9aebd52f-4b3f-3fbf-af21-aacc85542371
danteh,0029089d-8509-31ce-8b6e-388169441420
danteliuz,3afaf83b-5dc4-3f36-a55e-109f91c65001
dantheblue,26fac187-3118-3a7e-b605-5f7c87009b38
danyxlol_gmr,0392548d-afe0-3771-93a1-214e5a993a2e
danyz,27e19a2d-c390-31cf-9a28-017381b317de
daragamerhd,02148d5f-6a63-31f0-bc08-49e5cd4d79b7
daraknoid,9e950dc9-0243-3314-b5df-c2097ae15b68
darckblack14,9d4598bf-9137-3d2c-a754-94af21d54a7e
darckside_36,0a92b7c8-22c4-3b3f-85ca-ebd529ef12ef
darealbeast,89aa4d57-c13e-3a4f-b177-fc22e090c0be
dariovelzleon,bfcd78a9-b84c-3cb0-a02c-6785d84cbbc5
darklpvp38,2e208977-0fb9-3518-b338-1b9db63e1b80
darknessrp,ecb22f45-35ab-34dd-b371-3aa0fc79a9d1
darkpro120,63b8a195-ad78-38eb-b850-e579976ad0b2
darlbp101men,6196d707-c1bd-3e74-bd8e-f9c75dc2ff75
darthdillinger10,3e8c431f-55d8-3f13-8c95-4fdfa43fdb39
davalopgames,f0b407ce-4b4c-3978-86be-16b19416f398
david1224,253c5117-e11c-3490-ad35-adb758f15399
david_coc_yt,78428861-d7c0-3da6-8fa3-8e9099b4b9f1
davis46,03315ed4-4f82-353f-b22a-ac47990caa18
dayan0_0,adeee79d-c24b-3a33-8ea7-4e55178bae3b
dbrfwqu1z9ixu4ci,f8490f76-440e-329e-b939-25ca67ff327e
de_vortex,2ed4228d-0515-34d2-824a-f2649f829055
dead23,f8417379-df64-3769-ad07-9e933e31629a
deadpool1212,f504ab4a-6090-3159-ac47-e6aef6306962
deid,aef09943-b49b-39df-a9eb-94cc572bf304
deja33,d190867c-9919-39f2-8722-1822fb725f37
dell73,1b1e59b9-acdd-367b-ac2f-953c2498946b
denisa,57743ef4-e417-3827-9843-f1610577e71a
denisamiamor,064ea195-485c-382d-b3fe-1380cd07122a
desgriby11,53f583a0-adaf-34fc-8b89-b131eaf41822
desrunner,6bbf5ebe-0582-3f1a-88c4-af4bfb01f166
destin1635,0d4b60d4-3888-3857-a8aa-9e58135af408
destruccionyt,e88ac1ae-bf25-3efa-8ab2-eece4adc70c2
dgjk,7114e1e6-78d8-334c-b990-4c6738a82c9f
dgv720,cac114a8-cfbb-3b7b-a4e0-635d92f402e6
didoman,b321ba56-d337-377a-92b0-75e3f0d1ebc0
diego1635,945275b2-ab22-3ee0-aeac-1931c8b84d5f
diego571,28ce9e2d-1cc8-368b-9593-113a95c2dd7f
diegocasta310,f64378a0-efc4-329a-bfc4-822207b4d9d9
diegolegit21,5dea13c7-ef31-39b3-b9e3-e634104b3fd6
diegoreadyyt123,836cbbdf-0b1b-3834-9a81-a6380df8df70
diegotupapi,536bbf16-b07e-350a-8871-b46e5fddc6a1
dioxidodelechuga,6e8e3212-2a9a-3c2b-becd-5f09041413ab
dkx32_gamer,317f2194-533c-3e3a-b081-6bc19be7308f
dniger,ee68cc89-057a-39a6-963b-5f58e2cd2c6e
doritogamer2016,268a886a-9210-376d-8f74-c9037443ecf9
dovalcraft,3018aebd-fcfa-321b-b77b-6aa69c46bc98
drage56,7dbe2a2e-37b3-39a8-a84f-2c559efd6273
drukol21,bbb87854-a42f-3392-934d-059eb036f584
dssdsdsd,a47a5d78-9f24-38cb-968e-f11c2156ee10
dustyxd,916ebd1e-2efa-3deb-ae18-bc20ed844370
duxorethey,6a1508da-efe5-3d66-831a-0833130ecfd9
ebrahilok,12b43887-2846-3a9d-911a-23c92e2de619
ecologiko,1030685f-0f37-3058-9775-981af76cc659
edgarlesyt,d01293e4-03f5-3221-9c79-9e573d503760
eduardoproyt,02a60b4b-8226-308b-8c8e-d1c83fdc371d
edward0ne,15386487-5440-3d34-a3e3-3c4f9d427d0c
eedii,09f63c14-cb4c-3f6c-a643-56b2756f60dc
eema,b665218f-6812-383c-b185-b3d21c843db5
eeveeboy,db95274a-e29b-3e08-b414-f5c1dd06467f
efrainhd,36da98c9-5f09-3f7c-ad02-38460bbfb80f
efref3ewd3wd,7ca10143-c523-3f61-95a8-cd1812f5e0f6
ege_hakan,7ca29f99-0cf8-3de3-bb80-d7b5389a27ba
eiya1030,745e4153-5981-3d0b-97ef-acfbfb2e4e68
el_carlos_1415,4d9f291e-198e-3b00-ab9d-25b3a0abb6a9
elbito,0e9cc910-2568-31d3-8215-d35461527837
elconchcolgada,be594c41-6491-3a30-be67-2b9ae61402df
eldersuperlp,1fb74f71-f0c2-3d5f-bac5-37e5772dbcbd
elduelo404,8349291e-8bec-3364-bd26-fe6aeb623de3
eleazarkawaii,400663a8-3412-33a7-8c05-ae4b2f26f83a
elfly,01192cd6-d357-3b97-a22d-cc247bee1eda
elias102,615a6289-ee8c-3d79-9b4a-99310db5a0de
elias612,bbe58086-9116-30bc-a0ab-6922c23389c9
eliwuff,35bac37e-5b86-35e5-afb8-b4a72c478b46
eljerrylol,85f8e29d-9a1b-3ca9-a0a7-643b5245bdda
ellesheshino,f33c9f1f-e434-3587-a620-ba19fa0048ee
ellsheshino,bdbb5f35-6bf8-3d52-a5ee-3608d429e24b
elmachacador_pvp,8c00e575-83c0-3d6c-a8c0-de56a0232b87
elmamon123,23346a00-5e71-34ae-80e6-6969ba69a3c3
elmoreno87,ac46df99-9845-3ae2-9cf7-2f397c5e8051
elnegrahdxd,132d24d2-78f9-363b-a429-6f79faa18c95
elnervioo,352ab784-2b02-3913-b0fd-2c8a576fa215
elnoob_xd,7872dbd7-bdc5-31aa-b206-22c2e80b1195
elnovato_,d3d72023-d5c2-3f3f-88f8-8bc76f9f224d
elorejitaspte,4c885544-d722-35b0-b990-46d55f4548f7
elpapupro,7421713a-ba5c-3f1e-9a90-f61ddc98ff3b
elrendex_xd,14dc66f7-f2c4-3c38-bf8e-b2329779c539
elterminator3000,33f62cc3-ab42-3b77-aa82-b11f4b85f236
eltiozekghoul,e272efa0-687d-3601-b9d2-4e08c149a8ee
elvergon,24942d2b-4d43-3206-821c-6147fe21f4e9
elvis,9329d0c8-4073-3e2c-a465-433bd9ed3d99
elximikira,1a9e1fe7-ecc5-3c97-9968-2a7e9776d1e6
emanuelle,83b24973-98a2-3dc3-baf8-eb0449530562
emat_7h7yyb3oi4w,e9abad97-2b24-3fe4-965b-a9317db0b60d
emijgyt,84a902f2-466f-3cd6-aff8-4c0b68abcf30
end3rcraft_yutub,4e453738-8791-3260-bbbc-1cbd01eaafb0
endergirl123,9c0715f8-6011-3835-aeed-0c33c67f0d49
enderkiller138,310f44dc-b63a-3bf0-8b42-fa68546487fc
enderpro1000,cc59cc7b-a685-3ca6-891a-8dc57d999f51
endi_5,1ce957aa-ca93-3ccf-a123-29d6b03fc201
energysack,237319de-88bc-3f2b-b474-5eb0214be1f8
england_yt,08e0b287-29ed-37cc-a680-a23f0604a73c
enriksz,dfd09fe5-d084-33d7-a9b4-401de558d016
ensing,3b230c24-3556-3077-9d54-476967bcf9b1
enverxjr,76b933fa-63ef-3cfb-a383-5c64a4de69a1
eshucraft,9a421336-4164-3dd0-a0cf-c3c06c819064
estebanmaxgamer,f739ac41-d40e-3da8-a7ce-3d6e0564dbfa
ethanpoo1,e12b9313-040d-3356-8580-38302c604bc9
etiennextadr,043fdd3f-b003-31f0-a97a-a487d064f49f
etqb4k921_6n95ry,d10bbaab-cc09-3839-b83b-bb5e23dbe779
evil_troller,eb86100e-3120-3a7d-8376-0cdad7adaaa5
exidax,954dbbff-a21c-309a-b6a6-d5e5d0113a9f
ez_lauty,04c9323a-89ca-3698-af8f-7d807971d8b6
ezer,43798c62-873c-3e39-938b-7fa8ab89cee2
ezpinerrip_,5846513d-a79a-331e-b907-0a2fa7a2e4da
faacundoo,5717b24f-038b-36a8-b65d-d13f3c3fc684
fabri5555,488d703e-6b3c-3a30-bfab-309b5f4773e6
fabrigameplays,206dafc8-a0bd-387b-af4f-359dbaf69ef8
fabrimodalidades,8fc8ff51-773f-3f88-a261-bdbc83ac94aa
fabrizio989pro,f72a5aaf-d688-3300-a69a-6b3187a966be
facu_g,3fe5c9a0-96ff-3b05-9b99-41b9e2fdd07c
facutron2000,829bdbd6-bd8f-307d-b2dc-f560e842954a
falcon32,c0a0c667-b7d0-3911-a567-9e47d757fc21
fantagamer54,38075431-1df6-3303-a1e8-bb80ee01726d
fantomyt,e2fd393f-9ab9-3f5b-bd76-10f9d4938b22
fardoxyt,fea26a8d-2d1b-3558-b9a2-29f8bf92bfc5
faylloufaytha,5d4e32b4-4e08-3220-a435-993de4bb56c2
faze_maicol,22fd463a-3900-3a8c-ba7a-315b79c1e5b4
fbipanda,75884a41-7fc6-32f2-adae-ca04a6900725
fede08,1904ea9d-553b-3650-a768-9200141e2ad7
felipe_12,b3220e28-eac1-306f-b6db-5106e58c02b5
felitox,4a0fe531-9f3e-33e0-bce1-902f4cd0d37f
felitox_pro_pvp,2db80372-f53c-3dc9-9b48-55e045ed17d9
felixgamer13,9f8972d9-1fb5-35e8-85ed-7808ec3007bc
fenix20poom,aff6221b-c339-3954-9f01-f99eb8c2ac27
fernan619,f6be18ac-a77b-3fab-aaa3-25ee7ad92875
fernan_yt619,cff7833a-603e-3dc4-ab65-93f9216df7aa
fertchaliz001,fb9b3b96-40e5-3a29-84ce-1e2c53e06e39
feyerss,e42e4f44-f1d6-3583-9a96-06bdfff92ecf
fijo2002,80517751-f1f7-3164-ade5-40a0fd62628b
fiorella,9cac74d9-bf22-3b29-94bd-79ad9cab396a
fiorella3,2fb08730-a063-326a-952f-32de94ea87bd
fireboss121,7470c258-cbc9-3288-8cd4-7efaa72febc8
flakito,00ae7c45-6b82-313b-84a7-ad5e432ef53c
flaredoge,0c0aae08-b29f-3dc6-893a-5e5a35926817
flippy98,1c8c0f3c-1a80-3500-a4eb-3dff4279a3ab
flordeluna,b5c75e1a-908d-3526-b89e-3536e2dde659
foltez,ba1ce5a3-b65c-3b5b-9bc8-840b5d8d0271
forcecrazy,dc3b1233-351b-3582-af5e-47ebf0024ed4
fqiv_,67a7e9c6-230b-3e83-8e00-4df9b922ad63
frachlitz2973,722fc71f-594e-3bb7-97da-16c2b89d3ca1
fragile,eb45336c-d17e-3310-8edf-ea4fc361fb5c
fran_gomez_28,1e1147a9-118c-398f-a7c3-300eba32c90e
franchonoob,0d982143-6f11-380b-931e-92fc10137ece
franciscanarias,3a6d2784-89af-3f70-aae0-8293357c3b88
franco04x,7ffac497-5e1e-3a67-b944-1a8efa0750cb
franco2525,6733e0bb-7e11-3c6c-9908-e8d7506c4c8c
francolegit,b8492d37-987e-3594-a488-f6ee4ef96ca5
freew,11c37bd4-6044-30a7-8b41-9bc2b6412d45
freezy_95,bf97df7f-b5f3-385d-ad41-c5135fb4c2b7
frits24,b0452f16-1530-3556-a7c7-76755df3f9fd
frntts,dab0fa20-7de8-336e-8e70-c48bd783a098
fu0lq4mizxazk0q_,c8236b23-8240-3914-952b-e733901d5f2d
fusu,7b940ec1-83ed-3432-a19e-59d8a446d40f
futgool,83699662-fb7f-3a6a-bd47-d7af9245f908
futurecraft,0c90f41f-ac11-3f42-8fe7-213201eb0508
g2screamy,7e34d823-ad0e-3a8b-ae61-e30a3ae3e6d7
gabripll,982f0400-e05c-3a2b-b7b9-c00cfa4a5a3a
gaelcraft21,8e3136c4-c92a-3f3a-8b83-ce27d48a0313
gaelgameshd,e7d329af-6440-34d9-af22-d0bad0d467d4
galaxy10899,7752c221-9605-36c4-9be6-b7b1e7f3fcbe
gamer2004_troll,8352439e-8bdc-31e2-b395-7901585bf5b3
gamerben12,46a57adc-779f-3095-bcf3-49e6340a4a3e
gamerclarence,35ac2d27-2680-3ac3-842a-ed6a60c67a7a
gamergirl18,e599d3cf-f66e-31db-91e8-7bd741d63b7b
gamerhd1,9b074bd3-7adf-3f57-96fd-f160666872b6
gamermarcelo122,47830895-6074-3819-bbf0-a5b8c8368a93
gamesslime11,8d815023-85cd-32d8-83f5-3e660e89f05e
garnettea,6b8b5355-4e5b-3b39-8ef7-5f6e3abc0f5f
gerardoarreola,5a2502c5-085f-3942-9150-415c56a18a12
gero124,9f839d4a-8787-3d64-a8be-49bc1ee037be
getrid,9cf0e269-be78-3030-bb95-196b77cf9b3c
ggcolombiagg,6ee944e8-56e5-3bfc-9fb7-af7cbca9c4ca
ghost_moron2016,973d4cc2-24ad-308b-80ad-3e8540120db3
gil200075,0cf32081-f548-38c0-94cb-05d06c5c3067
gilgen,e7174b27-06dc-36be-b1f8-d590da0e3f18
girld,0fb9bd37-db53-3ced-bd2d-1ec2aeb5b118
glasswire,e58ccf96-f0c7-3f1b-b084-599401e48de3
gloococe,e7a20012-c24a-343c-b7b4-fda0f3a8c184
glqg6w4hg7bjz7l9,b7a33eaa-0e3d-3641-b607-ae80af9d7e84
gogaget,98ee970c-1b23-325a-b693-8765624d5be3
gohan,c3e73aeb-a456-3733-86b4-c6b3496a5c3c
goku_04,fd5463d2-008f-38df-b1f1-3a6fb02809b7
gokublack_yt,89b6db02-6e8d-3398-a7c3-a1553e86ffa6
gokucraft02yt,18bca880-ad5a-371d-9870-2a666ab0e729
goldenstarftw,ad200793-4cf9-3317-999a-7abe26f3e469
gomiwolf,9a86e70e-9b91-3a99-b7b4-3baf25078749
gonzaa_,87511866-53e7-3bb5-89bb-2cc8ca44416e
gonzaalf,2853ca72-4493-30bc-9882-bb871e1700e5
goonzaa_pvp,a8b7bdbf-dec6-37c2-9078-a87ff1f86517
gordis,75cf1115-f735-3a89-9552-5259fb567a1a
gordosocremoso,ee024a0e-d539-38fe-a182-a8ee8c690654
greentornado,27a62ab8-d52c-3b6a-ae17-7f4b23ec3f44
gybertgameryt,8be9a147-f297-3113-9abc-85bdb1040802
hack,356ba1f6-15d3-38f4-aa50-2d9c61952872
hacker_troll_pro,0468dd10-2c3d-3d68-b16b-18869f650f4b
hackv,7a424012-f6fa-3670-8766-2e2b7c492849
hadenduffy,a2d788a5-590a-39c1-8434-ca7bb3a5b7d3
haisvava,4f1aa15b-17e6-376b-9f52-8dc3fa24ab56
haker_cali20,9341db2d-cd2a-3975-8bca-bb0af5fb7562
hanselcreative,ae3ea55e-28ae-3771-b5e2-c0548ae36d8e
harutogamerzc,f9170bab-e663-35b6-9142-2e2ab03ccd76
haziel,ec6fc768-6554-37cb-8d6f-bb99ca29f0c1
hectorgamerc,1f5f89af-f615-37f2-8100-94e6fe1bfadf
hectrolerito999,7400fc2f-96e6-3242-9a7a-006349cbfcc6
helloumqnyy_y,95914ed2-4685-3d69-b455-4c45cba34dbd
hernan09,742ce2be-c09e-39b2-9e62-b0783e4e230d
hmoneycop,1fe1a692-ee2a-3c1c-84dd-8a631660b471
holasoygeo__,acacd13f-e371-3137-9e5d-6b48a3adc017
hollyplays_mc,1b3d6fa2-d75d-3267-a616-4a695e75172f
horuhemc,f2d187fb-3fc7-35aa-800b-149a17d6970d
hostiatio,eed3bf37-fda8-3f8c-9c39-4943459a9040
htenneb_williams,b3a42ea6-b71d-36e6-bbfd-985f18fbf1da
hubat,89eece92-bd9b-35e1-b471-e253f27776ff
huevito306,5aed1a67-cc79-302f-b508-e69786c1c088
hunter2000,7905e941-6902-32b7-8e9d-de6372464deb
husarenflip,aa662dfc-723a-390f-9a50-cad3dc6c8bc4
hyperrelax,ba5a4d4f-f491-39e6-b4ad-6f0fdf8e5e02
hypixelpvplover2,1d0eabaf-a49d-3a43-a246-f9e1ad9f1ee6
hyptical,89e81d8f-ef94-3124-8843-d48508173094
ialeehd,a201d4a0-86be-3527-af56-7288a6ae4761
ialezcolmix,58456fba-103d-32eb-bed8-ecc6673abdf1
ibohasan,74f90f40-010c-3510-9aae-f0b6fd89fb16
ibq4nt3xtkamuzow,7b945db2-b39c-3b80-9613-42ef83655973
ibrunoplay,08f8f55b-c9f9-3e36-ad8c-4db6ce9cb680
iburs_pvp,245ee9c0-43ef-39ee-86ee-1bb7e1713d19
icalaberqh,96388a2f-d8d1-377b-b27a-9aa742aea917
iclean,499ae7a0-7c7a-308e-aeba-b4ae5e21d97f
icuadraah,f8d228ef-8b04-3429-9949-8777c9bffd43
iebyug8sn0emvyzp,1af916f0-53d3-32c9-9c4a-787cebfb71bc
ifedefc,7671757f-3b2f-36e0-b6e1-4e592060bd31
ifenixdz,9b62e200-9d6c-3acc-8117-77141b8e0ce6
igaboo21,9c9c7dd5-3f8e-3a15-8aa0-220fdd7fca66
ihacklite,fbd65038-2fdf-3bfa-8ecc-ef67c0bc2ab0
iiguigaloult,aee53d55-7060-3c97-8d4d-ce5bf86d7de0
iistriker,78f9377f-6db8-332a-869a-d97d1c649d58
iizoka_,9c43c2e1-9dd5-302b-8638-f683a72e4716
ijsus,bc7276df-db1b-356c-aaef-99b8d94b1209
ikeamafia,efb65d7e-54d3-3a2b-95b4-cf4f9e054897
iker75,10c987c3-e553-34d8-917b-3f3f75245273
ikevin_x,f8e464fe-607b-38b8-b612-8bd329c773c3
ileew,fb707817-c1a8-396a-89fd-194b3330d182
ilegitregitvnzl,8d3f5125-2966-3103-b1a7-015ba67fe639
ilimplayz,632375c7-5165-36f6-a225-d098cc1d90c1
imaraabe,ef81430f-0511-30ef-8525-7ee0d23b472a
imasterdragonmx,d0095fd6-c8c1-34cb-a150-43b97ef2f219
imblueeduck,cafc5ad6-dabc-37ef-ba81-012a45102c30
imbruno,35fc3154-459b-3ef7-86dc-c80236d99473
imfinenotreally,f744d852-e10d-3510-94cb-1f27f008ba02
imfraank_,2c644d5c-4648-3d31-a8bb-364d54cfef75
imidaantehd_pvp,58c03285-8f10-3638-ab88-f54c11ce0e0c
imjhon,6c1c3535-a96a-35d6-904f-dd44b532e621
imloneclient,525befb8-2050-3d29-abff-686a61ce6f7a
immrmuwka,2cc67810-2638-3aa3-a50c-36da91a9a037
imosenpai,548e4f06-b290-334a-b7b2-d77e95538738
impepa,c4db732b-ef92-30f8-ab8b-c4050ed6bfff
imsnorlaxmc,5b5e407a-a3a7-31f7-8063-8c3915b91edd
imthebrutaljoker,321d4b22-f7d1-3efa-a5c3-8a0d92e422b6
imthiagopvp,a0337315-78f5-30d7-9fe2-18a66cd2158e
imza,cfc9790e-591c-385f-aa27-a7839ec1e477
inck18lr,e844ed61-0fc1-33ff-8493-adca3af1b1fe
inexus,83f72c94-ac10-3ab1-a90d-b681e1e1df6d
inicomc,a9d04bbb-0400-3d4a-92f4-0df204aeef9f
inikolas,c9931582-9d06-300d-a5f6-c64b96905b7b
instaae,3942d5ed-b8f3-3665-83fe-1d52bfbb9c14
ioel777,9b761d66-5e54-352f-b834-86217806eabb
ioneshot,fa328f9d-1d74-39e4-99c9-3c80af8ccb15
ipad686,4c177a72-b7d1-3d71-80b4-b4c9b42fe6c2
ipretty_artz,c1a7a18e-ba1c-3d90-9f5d-e546d50bced1
iproxig_pvp,f3f9a2cc-0573-315b-995e-4cb05e54f0a8
iraptorgamesyt,9c4eed2b-c0bd-3057-bea0-78f74859757f
isaac,90f11227-9e43-3ff1-9fcd-7154e9fd6112
isaytgamer,d0ef36c0-b31c-3e15-b9c3-c947a8036e46
isebasby11,13ce021c-76e8-381c-b94f-8bc714c286e5
ishadozz,ff61744d-7292-3606-add5-1a3a8307a787
isralexis,99f9a6a4-8c85-3296-a46c-fc5e4971f361
itqctical,064c61e8-8488-37ea-b905-6457ad38f188
itslegend_,db396859-7584-3c32-bbe5-11487c877841
itsvaleenz,2be40135-b7d2-3be8-9916-6287f47f4b85
itz_ajumex,3a1ab3ec-a869-3525-9723-91485f4ca25b
itz_estefano,8278f707-2ad6-39cf-90b7-fe55888a8d46
itz_fernan_yt,58467194-870a-398b-8731-1c2f85aca111
itz_luifer_o_o,bfda2ae3-e659-31a8-969e-9c9ebc7f55a9
itz_playgames,5e1e76e2-620e-36d9-9bd4-e226406d3df3
itz_sp33ed,d94425b5-b4dd-3f44-99bd-a0468af1fca8
itz_werevernow,84dbb289-9c92-30de-a0fe-ad9aa42a8659
itz_yourmom,941a29cb-a9f6-379f-aa8f-5c4056d9de49
itzagushd,d7c1fe6f-2c8a-35cb-a994-0922a3cf3335
itzbalkanartz_yt,447b0076-8b2f-3a2f-b840-f3f439632839
itzbarney_,b59a754c-8771-33e4-ae46-ee73f55aa84a
itzbriciofake,be10d14c-2110-3d78-9a33-e7777c80b9e5
itzcoatl_pvp,6219b3de-8829-37f9-beb0-61ec34de4357
itzdanigamer55,9d839d37-3103-3781-be0a-a84178530f41
itzdanthex_,869d4e4b-c16f-36fd-9aef-d9bc4da1d74a
itzdinooyt,76fe6cf5-2743-3450-a59c-1968c4b499ff
itzelbrayan,eb6c8c07-4b97-38be-8a66-a059e9b95195
itzfacundo11,e14a6dad-10b7-3af7-99a3-1cf34ec4b47c
itzfenixhype,ea887a58-b1c1-3820-a509-580e7712afdf
itzgavin_o_x,9ebd0f3f-6c14-3687-8b89-9b73062bba92
itzgonza_pvp,92f2cc9b-a322-3f75-aca2-2e4328b27397
itzgrey_pvp,dededab0-7759-3dcf-bc9c-53ca19616995
itzivo,7451c476-6193-3c12-b1f8-24be58e91b82
itzjake507,8f487ba7-e9d5-3f41-8398-c79de9776efd
itzjesurod,6698f8a9-eb6c-3bf3-af1a-ea43164fb565
itzmajjik,2cccb725-483b-36ec-a022-525856e9cf4c
itzmauriipvp_yt,408c5aca-961c-3d28-a4d0-667f31b0ea14
itzraiderspvp2,b59b806d-5673-3fe7-871e-f3b0ba03a7cb
itzsanimeeveryt,dae192f3-ef37-324c-8759-b9bc2edc2553
itzsnorlaxmc,e6b67bc4-3bce-3207-9580-986f33c889d2
itzswako,1292fd1a-17af-3989-865b-2591a36a42b4
itzvaldexpvp,d68112b5-ad12-3bd0-b0c5-ec015871f22e
ivan4235,d9d3e466-81da-3afe-b890-bbe032abe225
ivancor776,d5da704e-f203-35f7-9f01-b121477e1059
ivanthecrack,ee50a04b-d5af-353b-9f43-5c4173e39055
iwizartz,226cfc3e-a918-3fe1-8eb3-f5bf5c9210ee
iyuiko_uwu,7470b535-4209-3b35-820a-732d4db44082
iztpvprocks,5552bb89-147a-3053-82b7-18650ee6f58c
jacksoncraft,dcbc9fce-0435-39a9-990a-9b1b991dd35a
jacobo_yt,385e5cf5-4519-3faf-a001-be7465ad7711
jaffe,a651e66c-b498-3d9d-9830-319ee65b5c82
jaider11,9c8ca7dd-4cd6-3181-9a00-e4091cda3727
jakeisgod,0ce28f97-bc67-31fc-8e17-ff5eb7c91090
jakiski,a2a08411-704d-3b3e-95b8-ef247755ba31
jammal_cz,aebb7ad2-aca8-3789-8e5c-e71394d6a971
javico,6db36708-5151-3a03-abf0-c86aebb47bf6
javierpafel_yt,1ed95c5e-24d7-39c8-b0af-df00126ab0a4
jaymi42,396493f8-d273-3137-aab1-6c1a13007684
jeampiere5432,ccfb4490-b7ca-37cb-9242-59d73e767215
jean_luiz_br,d19440fa-f637-363c-80a0-a14d32463370
jeff_gamerxd,b8e7fd66-5f8e-3a0c-99ef-1ecd0457e7d5
jellytech,881329e9-7c80-39ba-a5be-f15dbb28d02d
jemr_07,63569b38-a8d8-3941-bbec-3fb63596325f
jeremias007,bc2b6ed5-1322-318d-aeeb-63c71ccab38b
jeremixo123,ce663c72-b96d-3aa3-a4ee-03f178a3028b
jerfers_,1768589c-5a47-3a5f-be24-017795c5b6b0
jessica_nate,791a3110-a42c-3ad9-963a-f67b95e2fe0a
jesusvnzla_yt,591bf9de-7a5e-3727-9452-d4e2a15f5a61
jghbmvnlk4elosy7,1334f295-c0b5-3d64-8600-f034a276ca24
jhojandre,67355f10-c5f2-3f1d-8b76-fa6bdab654ea
jhonatangaymer,f2fc8dcb-da4e-3b02-83c6-da27fb157184
jhordy_gamer,a2b54f28-f44c-3000-a523-c3390ab6741f
jjejuoyp_x08vn0d,4bf913b1-9c24-3207-9280-e26c610992a8
joangi,4b0aaa9d-cf49-3123-8b6d-6bf1b4556f0f
joe0211,4724742d-0953-3200-b205-1a74f750bc30
jofi,db97b728-54c1-39e1-9a22-9ce8595e45a8
joker3,6ccc9f3e-6f19-35ef-970a-ecd49a6cf742
jokerblc155,7dc39437-1a90-3f1c-9282-915c6c320f68
jokerhaha123,f2743d72-17e0-34f1-8891-33294409186f
jonathan_yagual,52c03a7a-9709-34d8-a851-0a78a8c09b38
jorden,b782ed56-c89a-31d2-a446-a369b9872878
jorgegamerhd,4b5476c7-34ba-335d-87fa-01472bfc8733
jose,cf082672-3126-352f-bb39-02a47a4b8e5e
jose1234,b637f5dd-4c9c-3f5f-be13-ad19bd2bde50
josecraft33,02e9dadc-a677-3941-9d1b-3b55fb855414
josephgamerlike,a0758405-f209-3d62-8425-54655fcb51cd
joserxdelo,995de600-65fd-35d8-9e80-d451367634e9
joshuagamer,139476d2-a12c-380b-960e-01b8583964c0
jostingamer_yt,91d4ecad-0174-3557-ae1c-19b4827ad744
josuediaz246,227d47ef-783e-3068-8317-c0ada9c5c305
josuepvpswag_,767b3645-fc50-3a25-83ab-85f1396cf989
jotsu,ab4c88cf-4194-3213-95c1-9ff71783bd11
jozznak,49433d2e-e8d2-3065-a9e6-91efc33b8925
jram,e4edfaf6-a81f-3464-b622-2dde46027963
juan3,e5d7cfc2-5622-3b6f-9768-e6020298966f
juan356,56a2d606-9467-3cd9-8fd8-c1c2128ceb0d
juan95yt,39ef098d-9d9a-3e49-960c-45366f4cda30
juancitotucupei,9e58a00a-e9df-38a3-b60f-c3ebed5b5262
juandelacalle,d965dd2b-1895-33d9-bbc6-67664fdad829
juanelcapo12,5011d204-ea81-3a67-9509-21da4e3f47ce
juanfergamer,7af9ec8c-ef9b-38d9-b372-c4538691fbf7
juanfergamer1,c6999008-e4df-3cd6-ac02-406393107cdf
juankrieger,9c5283e3-4691-358c-b02d-9354d60f419c
juanoteh,bad5e1dd-607f-33f3-97f8-ce1a977a6498
juantiogamerzrex,0fae791b-ddd1-3f06-bffc-fd51f3441c4d
juanxdwtf,4aba9535-219d-3fd9-a26e-48d270e2b5f8
juanyt121,ef165709-e466-3933-ae04-cee826247332
juanzgtm14,ad84575d-84d8-3211-80d5-efb0c0ef7e76
judith13,0c07642c-894d-31e2-a449-a8d048043a41
jul3h_,cddbf261-5f02-3658-82ba-60ea9fdd4dcc
juli05games,1224ed30-ec8d-3266-85d4-5f0c32cf2864
juliagamer,43204d5c-3b82-3c38-8d29-3c185a86199a
juliaguirre,25208d6c-45f5-3960-a492-0f84568edd2f
julian56,8347cda4-4cbd-360e-bb47-6157e35cd32e
julianclark,fcbe4c47-d095-3742-8d9f-b211ca7f4d7a
julianito0o,a02467db-1791-3443-8f8b-d6331301d924
jumfrancate,baf2021c-21c4-3a08-a1ec-ecd36cce7a27
k001m31573r,2f9ae354-6483-35a0-a651-2248ea87bfc5
k1r1t0_crack,0d887006-4ba0-3cea-bc3b-1c8e9897a17f
k9b_yhqggo3qdwhh,ac1d1325-825d-30d0-80d2-6a4251bdba98
kamiilo_gomez4,9fe2ff0f-04e1-33f7-b686-d890d02d2e0e
kanipibc,a9e5a91c-0a6e-3f71-a142-9c9eaaab9c2b
karlagamer179,72cd2e66-5539-3436-a986-3f8e95aa86a2
kartix,49354ae2-1a93-3f30-9fc8-18ce043a13c4
kazzlt,2d0b695f-037e-34d7-a669-92038313dfac
keilerplayhd,296a80de-8e17-3495-9a4c-0ce9604d34f7
keptauto,2b9db21f-cb18-38f9-8319-eef7d727a745
kert,2c96e7fe-4206-3e7e-ab73-4a4c4e0d0afd
kesuke974,5488f2b1-bd30-3f26-8dc8-b6e100b9ba37
kevin1440,a927b310-c66a-38b8-bb2d-162d65359181
kevineitorgamer,9882e33b-eb70-317f-9a8d-60b3ac8dbbc3
kevinlikehd,bb0a538c-182f-3685-99ce-02602e9cd794
ki0p,1afbc6e2-ade7-37ef-b355-ce4b7878481d
kierkan,2b6276a3-caad-3395-87e0-59a80a75e588
kikzo,17721a5c-f40e-31f9-9b7d-f8e7bab0ee0f
killdron,2843b8d0-1c8d-30f9-af92-e6132e82d3d6
killingclearpvp,437a12be-f91f-3355-887a-9af41090e962
king__903,6ea37688-1387-3293-9a79-f961ff8308f8
kingdesignsyt,a7b496c4-3fa2-3e76-8570-ec1f8eddc6ef
kingofh3arts,002cde15-695c-3eaf-a923-c38b4435a480
kiree,0ee887cc-4632-3700-8536-bc6d3023fff5
kiro,f69b0b6f-2975-3934-b870-3e5e9f96aff1
kitme18,67ef28c6-aab8-3bc5-8b02-bc3e35929dbe
kitper_25,5d2f50a4-e1d2-3887-90eb-0115a3eee723
klitz,bd649760-c516-34ed-b39c-a27bc9a72d5d
kohakuplex,f1668f9f-0e00-3641-935f-7c9cfd07e936
kohipvp,fe66af64-b2fb-3969-a37f-1abe3b3fefd6
koko,c72ba2ca-1904-3f6f-b75e-b23dd2469dc2
kokocraft12,6f5f3627-bc56-3505-9c4b-652ffcb08980
konojacraft,29adbab6-0ea3-30ab-9cca-1fb2ae90bf0b
kornieee,54e73357-3d93-35b9-9413-87563ef9cf94
korot,97587e6a-520d-31ac-8f49-743ff2cae834
kouly,5a25e860-5970-3695-8a02-35beaa1ad92d
kozeett,a05294b5-dd18-370d-85e1-d79794004c84
kpcloudn,68dc04a7-96ac-382b-9cf4-357797bc0090
kqsmotic,c5ed481e-86fd-36f8-bf14-516c52f89d69
kratos012,9aef4755-5b6a-3db7-b543-0e063b987468
krish47,e928b36a-4d72-3ad8-8f4c-9bcac6075d58
krozzar_ken,3f2eb2ba-f0ba-31c1-8080-02e1837b9dc2
ksniper,16cbec19-7fac-37a8-a60f-302c2be4023e
kuautli,f29555b4-3204-3895-b916-39549217745d
l11on2svb03nblwh,dddba8a4-3c11-3e7d-87f7-335de776fe72
l_____l,f1e8aef2-509d-369f-a15c-34cba47b433e
lalin333,bae603a5-e56f-3893-a8ac-4b04ed669502
lallana,f83530cb-d1e3-3ca2-863e-a2bf2239137d
lamuerteva,612e3103-34e4-3535-93b9-492480851855
lancedragonite,d615783c-e219-3b3b-b708-df15c1bf728b
landertxu06,1f64e5f5-ec64-336e-adb0-651879a592b7
lautagamer_,141a4797-d4a9-394b-b682-b45e0935b24e
lautaronaruto,afbce084-9e4c-33d9-a208-bcfe2fd6ac46
lcm_ziler,fa0524a0-1efd-388b-8538-71c19cfe26a0
leanderson,61f9b3b7-74eb-3586-b831-42cd95ceb9e9
leenny,f2cdccd8-c6bd-3484-a0d3-e19c17a0dc4d
legolas1206,878ed45f-6c55-31de-9be9-17e6d4494107
leo1202,826d1153-960f-3323-92c9-05d10686a6ac
leoaragon,b51d2dd3-4d7b-3276-bdc1-37da6c1d8cad
leogamer_xd,44d46739-b86a-3e83-ac34-88bc6fab447e
leogeymer,b9ea3772-7775-3dec-b177-1d722ffb2d72
leomag,08397a55-2ff5-3fa9-a500-8534c774603a
leomtw,f43bc1d0-3163-353a-bdad-aa188a6f8022
leon021023,43c192d7-c55a-3ed8-bb72-913270320532
leonade,235cfee9-ec9e-3440-a875-832773876150
leug729hd,9e733f77-4163-387f-a529-2c1fb31ad553
librios,60ff72e9-b391-306b-92a5-0d8f17a0fde3
likashi,c124d011-f486-3ec6-bda5-aa7cbf3073a9
linenbweasel,eb35b9db-a90b-38ce-8f1d-7499b10f0845
lion423_pvp,c0eba18d-eafa-367c-8e6d-98579846c97e
lioz1,929dd1a0-ea70-361f-a5f2-0b9dd6b57c89
little_binx,c2b32dc6-2252-3417-8770-09f57af8d00b
lob06,a9c2deca-d404-30a7-be4e-5dfb926dad89
lobo15,acfe9025-6b3c-395a-8bd6-508889ffca93
loiloarg_,c826c506-0f59-35de-8ad7-ef9a91159819
lokofernandojose,1f2934f3-89ec-3dbe-a6ad-3d1be6eebb32
lolcraftxd6,f8793b63-5a55-3c3e-91c6-fa1bbb87341b
lole32_yt,1b536bac-c2eb-3be4-ac2b-f2de487dae3d
loleilo1780,c65bdef8-baf1-3cb4-a236-7f0ffe3da8bc
lolkiller789,52b92592-617e-329f-8307-739028d180b9
lolman5151,d574647d-a9f2-3764-a991-70c0c920b935
lolsayanlol,76bdfdfb-f380-304e-8f8f-cb00fc97b2ad
loockooc,ba2ba577-a37e-3b48-851d-e4f728aaddfc
lopamamipapi,753058bb-45cd-321b-afdc-3e50948c10ae
lopi432,1d2ba8ec-302e-3ee9-8cd1-80899ab4e655
lorogamer13,4df1775e-a34f-35fa-8e90-ba679a7ed1cf
lpipoytz,c82e187c-7e9e-3d5b-86eb-4f3d6ae8c64c
lpm_elchispy,a4c3c78d-b95b-310c-bc1b-758ad835f6c8
lpr_franpvp,ca7e6cf7-183c-34c3-bbc8-5dca27dcb2f1
lsnpvp12,ab15f212-f79a-3f14-9aa5-56aa710dd040
lucasboxxyt,3742a529-6c8e-32f0-af31-5b1b1ab5ffa8
lucasgamer290101,322124c1-3655-37e9-94f9-791f6711ef4b
lucialove,06f6fa74-f6f9-39ed-a507-f8e66588a25e
lucianoayanz,08425ced-35e9-3b88-b657-35143c7af241
lucianocrack,9cdb0ed4-05ff-3372-b411-5ea1d03319f4
lucianolaloka,d6ddf874-1755-3a32-bf4c-fed237975497
lucidoo,83789bdd-6231-3321-97fe-778954e4f9f7
luciplays,40a1560b-9961-3cf0-93f3-8880d9b9dcd7
lucraft,9f025b66-d2e1-30b3-a1cf-e40499d9726d
lucyred,a67f9aae-cd5c-3a9b-8e98-9ad9b5e71d62
lukasx03,8089ffab-cb34-339d-9fde-23b0411d900d
lukissssss,711cf9df-e452-3974-8a0a-454f514b3342
luliguy,173c3f9c-0eb9-3ac7-9321-a90fa0b5d3df
lunadan,7615b43e-e025-3151-a756-2affcd56b52d
m9ry,e6d6d073-cb42-3d65-8f10-bc6acd8c5d5c
madafacaaaki,9a7c7486-217e-37ab-8a67-c441d0877fae
madafga,42416b81-72a6-395e-903e-7e4e371f717f
maestr0,5ec6af56-f9ea-3d94-afb6-4b64aa7dfa64
magacrafthd,7a3ba612-ab3c-3a91-8ed1-077de51adbde
magikzarg,784ef8a8-3cc3-31f4-8d94-2ee031f16cd0
mago0010,c003c950-519d-3beb-ace8-1d1042c68373
mahada,6cb3a577-bc5e-3bd5-af0f-4438453d1e36
mahda,4376e44f-11dd-3fa1-9d2d-787d2212f07e
maizc,b4239007-77d3-384e-9043-078091ef2041
malaco13,da48e3db-6fee-3b07-a96c-57fcd23cea4e
manita,1264bce5-8111-342c-b789-8706c7f538b5
manolito10000,847ecf5b-d885-3b72-aa3c-9bb867fe8977
manuel123,027c4677-99a4-32b2-9117-bb35ef04a9a3
manuelarg,57bbfd87-db06-3ed7-873c-259cb0764944
maorx,907b6855-b4c3-3e6d-ac73-8d4877e140c2
marcosrollins,87e94949-dcdd-321a-b1ec-46bb20d645f2
marcostrafe_str,28784ccb-0691-3dbb-99b7-8103779acbab
marcostrafelive,b1c869c8-4aab-302d-bb55-0d68908febc2
marcostrifelive,b88deb45-9d23-36b5-8528-eb69c18f9e68
marianablack2401,68515d81-ee2b-35ce-ac7a-024c66d1c447
marianamex1,e4aac382-bf1c-30d9-83fe-318d97a345da
marianocrax,3671068e-d2c5-3468-a2cf-1faf57123a3d
mario999yt,a6b6527d-46ac-35b9-ba10-ad9d0ae64fd7
marius11,254166bc-da8f-3858-80a1-ea73dd34fb02
markusrosso,74750cee-227f-354d-8e38-f2f18841b277
marlonsin,892eff15-9001-3330-99ae-f3792d8cf072
marooskie,500c3c6d-469b-3a40-9e4f-dcf240412d3b
marquito38,21793c7d-8e32-3092-914c-bb57599e0d28
marquitogamer_,f5eb3748-7646-3c7e-9e02-8ecc76a5c524
marrax3000_yt,68f35fd8-3c7f-3dad-987b-b2c8df06de7d
martin,c0b82bb2-a30f-317c-969e-03778815d41f
martinestuerto,ec6a4c49-29b0-3fa7-a0e4-22a58782b6fb
martingames__yt,bcca2e1c-4941-32c2-9d8d-26271182666a
martinmk,8424361d-636c-3fb5-bdf1-3d010debd8eb
massi08,cc0a8e75-486e-35c8-b0bd-737d893462e3
master0fshadows,31f4a1bd-5a34-32b8-8dd9-9d27a4d58879
masterkiller_yt,b906f6ff-54a8-3f18-ba7c-7855c84e1e80
matadorplugins,68188144-6b55-3b52-958b-d5bc922b8d83
matadorpluginsv1,06bf608d-a1c5-329b-809d-76cbd66ae356
matangaa,663d1b8e-cd79-315b-ab9e-3004b442737f
mateoderp,87080866-4725-326a-af5a-98903ad357c6
mateolom,256cb523-8a87-388d-a823-45b8104d5d36
mateoovejerohd,76de0c8e-5c60-317c-8604-bd16dbf32fd0
mateorubio5,9098d3ef-e984-33df-8506-1cf2f61d04fa
matifail1,881779cc-092f-34ef-97d5-725fc07e70a6
matigamerxd_yt,3ccfa5d3-a9d9-3c98-b97d-f08dd1d6fd68
matiinohax,c5fdace9-292d-3985-a541-cb2bbf0df483
matos,88a146e1-b06d-3501-b1b3-5a441b427a41
matraxxyt,f4ce0b36-b8b4-32bb-865c-73ba04c0507f
matypoblete,1e4b3e57-a1d9-3947-a1f3-cf66450985ae
mauricio89,81ffe004-9b8a-3659-b130-a344411cb15e
max777pro,0818db51-17ba-3a4c-9109-5de29b80df25
maxdron,94113fcf-16f3-3d90-b233-02ad026f8789
maxi1234_loa,ddd78045-f410-3976-a576-b045e26898ce
maxpaez789,c3096831-a98f-3b4e-8aca-3dd70ddc6395
mayh_chan,ec2ba87d-43b6-32d7-8d01-66dd72a9dbc7
mbjminecraft,06bdb015-507e-35e1-94c0-ed981583a7df
mcflys,4c3de6e5-a064-3dbc-8ff1-2d77ed33a0e5
med1zz,5afb0ee7-43af-36fd-9bae-bdf020f4088e
megafrio,0a798c59-3e02-3818-a200-868b7dc6dace
melacomi_xd,023617e0-fdd1-3b65-8ed9-81d54979815b
melasbabyboy,4461cd57-7eed-3308-8340-c37fa9d1776b
ment135,ca3881fc-0be6-395e-a71d-8d0df3d86cfc
metric,ab06608b-e782-3664-9282-8d1ff16b5a6d
metrica,a6972e0d-35fc-36b0-96c4-e6ab5cb656e8
mexicantacowey99,db7c2644-1510-32f5-8d0c-9ab1e0a968a4
miau,9982a139-414c-3266-8359-17dd8d61814d
mica15,8d84e91a-51a0-3e8e-8f36-d9b3f9d35b27
micacami,fcaac580-7d76-385a-8efb-a13b64cfbf60
michael6969,65a95bbe-1898-31ae-a7be-e12c8e69a797
michell022,602e361c-b970-346e-a809-10ea8d8a2b71
michellejacksons,a204db9f-f378-317e-96c8-e0aeaea696b3
micka,4e540c87-2a1e-3a55-aefa-996d87cc606a
miclohd,3386dba2-7ded-360e-b250-da7d4fc8337d
midnightsrose,0a275f7a-a0b7-3174-af7f-b0670157ba1f
mielsenyt,2718d541-f8d3-34e6-9446-63b671e3924c
migtrosdahp12,24375f34-70cf-37e7-83e3-c05121d8f389
miguelesyt,af8a4bf8-2865-3abe-96f6-290560ba9e18
miguelgamer12,a2c2d6af-d8a8-3871-aa8f-87fca6ef4064
miguellu,455c4363-3988-3a65-8623-11e166d54969
miguevideos_yt,ba4745b2-abf1-32a5-8033-b1eac0d56de2
mikegamerproyt,6126836f-3a52-30de-8c89-5586c5869936
minayxsmegn0mqt9,ba3831dc-e662-3520-97bd-42017df297d1
minecraftero25,22ade9e1-d787-3c1b-a9f8-994e8de3867d
minemarc98,a194812e-46ce-353f-bcf1-7deba637097b
minion_ironman,8f351df7-0cd4-3cf1-9a1c-45d604007719
misterio_89,b5db737c-50f7-310f-90d6-368ccfbd82bb
mitrazero,939d6d1e-8772-3d97-8951-6f0dd3caf577
mixtercasual,cf084e2c-10e3-307c-808b-235b7e82f3f8
mlnion,56948a34-e4fc-3e8e-af38-2a470965e131
moiselopezpvp,8ad8ddbf-fadf-3915-b36b-610e60a04107
monstraaah,be03ce94-1501-3a56-9dc0-564d5332bdc4
moroshulohd,b33f2d97-57a1-3d94-a44d-e622199c6576
mr_papa,75133b69-43ec-3134-b710-cb245071268a
mralangameplayz,6e6c8743-575a-37d6-9ebc-4d515c1781db
mrasdfghjlk,e0db359b-3bfb-3d42-a2dc-fa387771c0dc
mrastropvp,f913e445-3a54-3b86-8722-92cf7c21c83f
mrblackspace1339,9203de4b-fcff-32c0-93c1-3b485504844b
mrchiki,b07a1397-3157-3f06-b021-3c7f5a82b4d0
mrcuervoyt,7f45e765-73f0-3391-ac60-189949197cdc
mrfakecheese,d096e1ef-0877-3d9d-9388-591694a44a81
mrgalaxy14,5c6480f6-ed37-346f-a1bb-1dcd495d63f9
mrjackfeed,92c73e80-a8aa-3268-b07e-213fa8ccdd4e
mrluian,49133fb3-db4d-3ef2-9d71-e1ba26d30990
mrmatsuri16,d4a3fe7d-3fc8-3dce-bf65-231b337ff838
mrolvera,0321344e-f0d8-3aea-af2e-4a3f343cb423
mrpikachu2432,8779f3b6-8c97-3235-b3e1-eaa595b38852
mrpumayt,c155178a-8db7-3b79-a1bf-7f0af9113a8e
mrzack33,3eb6829a-736e-318f-98b8-99fbd753c851
multy_purpose,41b3a84e-b61e-37e0-ae16-85058015dccf
mustafakaanyt,28cbf7bd-7016-3fb7-9c29-5a35f1e1c3c9
muzwity,e3cdc5c0-7088-3092-9f9e-4daa78eeeed7
mxkopce47nmn2489,fbe45aa1-3964-3c14-8a11-f30918dcacce
myhatredgameryt,23416472-9a2b-3c46-b904-b6d1cbe0c013
nachofaiter,6a8a49df-163e-3d9d-b8fa-c87e40cc8340
nahuel19,57746140-5c4b-39f0-ac87-c1050def4130
nahuel225,1d5bec9a-c289-314c-8bf0-b1daad955665
nahuelartz,ea829ec9-2536-3d88-ba0f-ce61f287c81c
nanaco777,9af5844b-00b9-33d9-a22c-95894ae90d02
nanfoxygfx,dc176bb7-2c89-3b4f-b1d7-1cde78dbef72
naru_pvp,a3fe9073-c15a-3d93-b083-267a65e657bb
nasukyyt,565b57dc-815c-3544-9515-88652bb8068d
nazario,64f15e72-5b7b-3cfe-865a-3a87ca879b68
nectot,e4e9b3c6-8d87-31c8-91bf-8d9fca72d23d
nejihyuga,e0dbce7b-2b56-3a3a-b509-4227c0a7d36a
neoocrack,bc65940d-5c83-3449-a1f6-772d09a9221f
nerofox,2ec4c34c-0b71-33be-baaf-f94984ef1cca
nestoriocolombia,38087e71-46e2-326a-a65f-801b746951af
neutralizado32,1eb68140-1d88-32f7-8cc3-15b4093a2d5f
nexocv,94e68558-94f1-3f0a-9f65-86a383de9354
nicknice,123d3ae3-a264-3942-b32e-8300fc30de1f
nickro12345,4204c8eb-9330-3658-934e-fcf91ea1ec82
nickromc,4a5ca871-cce9-3ce0-b213-2e347d4cbf32
nico7u7,9c5667a3-4ea4-3799-89b7-4485089373b2
nicolas881,7ce5b1c7-ca6c-3bfd-874c-eb5d11703525
niels2121,cc15d572-b971-3525-b126-7370bfa5831b
nikezop,800cae1b-58bf-379d-bde1-ff43b1e8d3ec
nikkl_2000,1b9890b8-fb69-3ecf-a2b7-7cf4a3c64665
nikogamer49,bd740079-48fe-32aa-bd85-4ef231fd4015
ninja_pro_yt,79f041e7-c75f-3e02-8132-139b25372c98
nivek0,c57f736d-0ec9-37f5-8bd9-03a4a4190cf2
nobugsjustfabri,ed254f7c-5739-3ec2-ac63-c1fa973ce8c2
nohackjitterxd,388af312-3792-3dc9-83a3-935c5330d74a
nohackjustnarnia,c82dfbf7-a137-380c-a8f7-bbeffc05b37b
nohax,d7dbf006-c400-302b-b0ea-47a97efde43e
nohaxjustandrezz,6290d494-71eb-35e8-af11-a18798b7d874
nohaxjustpingyt,88283480-3cd1-3264-968d-f7e3863c1cfa
nohaxjustrekt,82256cba-3ce4-30c9-876c-f62d26f7d3c9
nohaxjustrushyt,0e7861a6-c7b4-35a8-8151-a1e23706a9b1
nopremi,a86ef5ac-2129-3df7-a0a8-9686c7cb3e12
nosoygian,045d8496-0af5-3102-9c38-f315af6b4ae4
nosoynatalio,05e94d2b-a2ad-3958-b25e-9ba3d2170f4d
nosoyvariiox,f9db9fd4-f722-317d-8844-1027c849e38b
nwtr,25a42774-24e0-3f21-834d-d07d9e1b94b6
o3o_lalala,56474082-3010-3dc7-9169-e4cf7c9c8438
oaksd,004bfd33-8261-36c7-aff6-97e7a82cc2bc
oamaya_gm,060e953b-c282-34a2-a365-441e10455577
oasis_nick,60b5cdb2-0f1f-3b03-a0ce-b8ea1edf7f62
ocf5cvitutlxcjgg,573e8158-7107-3c7b-8bc9-4050a9c81a1b
octavian_sopa,b9903b37-41ad-3252-867b-4c28f8ae40af
oleblitz,9fa67e1c-fb4c-3af9-9a96-4ed59f198c4a
omar2448,19b56734-23f8-3fcb-82f3-4d88f7d848ed
omarcrz,c3812e0d-fee9-3558-b37a-bc6369db6b4c
omega4life,b293e644-72bf-3a30-aaf6-9f8138f6e56a
omer,25920c8a-900e-3e9c-a70a-3bb2cfb8438d
onde,4d0a93f9-cc0e-3a09-9b32-cbd469d04b3e
opnz_,7525fbf8-a633-309b-b516-38126e0c5219
originspvp_,42323aa9-3141-3b57-9c76-3bf2ba8e97d2
orlagamer,f81927e8-b3c6-375e-b0ea-a0c5fa00c97d
oskytwsk,cea42ee1-cc84-3784-8b18-7a9686f0a694
osogameryt,36a27e0b-239f-3dd7-8064-b7bce77dcb28
osopvp,836025ad-e7f4-34cf-8680-6afd32d05821
osvaldo007,930da21c-0bf4-3641-9ba6-dfab6271b91a
oswatechyt,0e28c28e-cdce-3ba7-a47c-c664e992e70c
otrojugador,6d61d845-8dd9-38df-942f-6c6dd6a26476
outlas98,baccc319-8539-3cfa-bb08-d207ba2b4af3
oxb_benja,8d911806-5eae-37c4-8a73-d27acd3421f6
oxccea53ksn5xupz,c04f780b-2a02-37be-b753-bc811024e552
oyunbaz_pvp,0a3ee9d0-7bdd-3a75-b8d1-768fe119b76d
ozlv50oitcm_ojfz,c665b0da-c3de-36a5-a1df-3a6d96803e19
pablo14,f3d811cb-3d9f-3d1a-b3ad-e9eeffa5e425
pacmanfn,6a5f7522-ef27-3805-88ca-6032e3d3738c
padiepan,599b9390-e611-3a52-970d-2b1545764614
padrino23,8dd15362-d1e9-343d-8830-7baa3f7eb17f
pahy,681d76e9-49fa-37da-b86a-5ffe90848f92
painuchiha,436fd3e3-12ee-3b5b-bc87-0afbf52a25fd
paitoyt,026d15b4-9225-3e84-9467-a674dee94b5c
palomogm,d1856fa6-2e21-34cf-b7a0-c10d8fc9984c
panchitap,8500b2e2-6345-341e-8a62-17c1afca37cc
panchominer,85a64b44-9c49-35c4-9cbf-0e678e16d0df
papanaaa123,f9bcc315-f8cb-3a07-89a2-cc207eadc444
papavicol,1c6ce1f8-1300-3915-a423-d073c2dafb21
papayonmc,c33d9f1c-38d6-3781-b439-307b40809475
papocrack,149f1e94-071b-30a0-bd7f-bd2d78570d07
papureypvp,cd146068-7a31-30eb-a4f1-d6468eb431b6
pascualmc,4e988d10-40da-3834-9f11-cf06297177bd
patata1122,50e415a9-1d8d-309b-bb25-db1d2fa4292f
pato_yt_123,4dae1345-cc0d-3399-b4de-c887b70a2865
pedritoocmc,9befba2e-2947-31a9-8002-125f6222b2ac
pedrobkl,db9e33d9-5d8d-39b9-986e-7e2c6cef49b9
pedropvp,c9bed572-24c0-3cd5-ab73-40f3da68994b
peiswor723,3f8fa5e1-6e21-3de3-9c04-160d6ff6a839
pep11,0da2ba8e-c10c-388f-b261-3ddd26abf9ba
pepe0204,7baf72f9-1954-3fcc-9089-820b4ae646a8
pepe98,9881d6b6-ed19-3690-8964-42d132e5ff2d
pepealv,3a906795-2232-3851-b211-56ba09fa332d
perrox91,d828465c-2301-3a94-add2-e13d3e65ac47
peruvianhand,6041b45e-f075-3b5b-a822-ed45f723a447
peterlava,813a22fd-55f1-345b-ac24-a2175162f9a8
pfhzv9b3y5zw4aym,a86ce40e-bf7c-375f-9662-06c84af690e2
phantow,149eab8d-db00-3f25-83f8-6aa6d8360503
pig_da_puncher,eda8588e-f9f6-37c6-89ff-b61f28891e76
piggyracer373,a7a4883b-fa3a-3e7b-8f47-2286f2b2e39e
pikaboyxd,d8fd1a17-18bc-37af-8549-2cedd8d99321
pinkiepieyt,fe4ecdf8-bb36-316b-9381-204c4d150bee
pipe_yt,1c8ce6cb-4e79-3dd9-ab1c-e161f91cfe02
pixiethejoker,9d4a5a53-bdae-3c02-9e2e-8466ae426b88
playerpaco12,835022d9-6fe4-3cc6-913f-4d403aab6fca
plutographics,d2dd848c-0789-3eb6-af29-8238a253b797
poisonmax,72eb81cf-a7fb-3884-afe8-dff502a200f0
politta,57278096-e168-36c8-8122-5de5adc1b58f
pollogamer,0d9293af-b066-3582-bb65-eee4670ca48b
popooooo,7407d5e8-67b2-3fac-8551-e44d6d49cd89
potato18,525d6aad-899b-3be4-8540-6631ffb6350f
potatopower2804,97477fd0-bea4-31ae-a294-f8debe5bd68d
powerekisblack,b7c30e3b-67d5-325d-b360-085a8e6ff2a9
pro_8cha,a1fdb37b-b347-3f50-9c45-6d8bcb9679f4
proninjayt,16169a54-e673-3e09-b793-562fa1149f8e
proplayer666,35855cbb-c079-32f0-9066-e11854a184e5
proslime824yt,168ca611-8633-33eb-8969-2ed6f6ad4010
proxicode,57d3fef8-e9dc-3a50-9291-47bc12389031
proxilag,f3c8fc2f-7a87-3853-9315-da8a7211f477
pt7swuifyl9w75me,cd676c1a-b3a2-3df8-92c0-92fcc29a4442
ptoxd,ac0ee5ce-cbf5-3516-a4e9-1d8af0daa7a0
pupitagamer,4522f523-2188-30ce-b73f-6d4bcfc2280c
pvp205,0f945375-2707-3136-ae3b-ca2c12813251
pvprobryan,9e51a143-0124-373f-913c-0bd2d007f3e9
pvzeus,414026bb-aef8-3a6b-9ab6-600c365c0668
qdmnrubfzkreyqqx,ca3c4bc9-7810-327d-8317-205e2ccd8e1f
quesito_lol,b485b9c7-1f4a-38af-b98c-7be773990c9a
rachisrae,5217870e-76e6-370a-ac0c-7d53ba9cd2d8
raid337,8b308bdb-f299-3948-8d42-5ad743f4233d
raikgamer,86b59289-6635-39b1-9ae9-eb384e882435
rama_gamer,5d343609-63e2-3c5c-af84-485da1416251
rapishere,9a0ab0ff-2e50-3846-9e0d-c8b7fce91522
raremagic,377780a5-6a18-375c-9c9f-e6af7f61cc0c
ratarexomg777,83168d91-7542-3bfe-9473-f5f3d03087ee
raulgaymer,b2bcdec7-92fb-3656-8e57-96807161ae59
raulmm,40704915-fedf-3d63-9b7d-ea19bf7a9cbf
raxusftw,49944169-08a6-3371-8d66-66960d2604c1
rechycpmc,aba99d8f-c71f-3e1c-be75-18fb8766a1fe
redstoneone,061a06fe-ff57-3621-9f83-6197474c6a44
reedit,0e3df023-7b15-3b55-91d3-a21795b0d527
rekerzmousen,430d1547-2e24-31e9-8872-67bcda63058d
relefst,e5fd4556-8e1b-3544-9972-9af5bb3f090e
remichel,1693b802-aaab-3128-bead-65f23144a9a8
remjmi9,4c8258d6-effa-35da-80ad-241676ebfa52
remmi,eef23391-109d-3cc3-93f2-fc950da4b754
renuman_xd,eddab732-a178-3b71-b888-3d4e98d6dcda
revillz,87855b63-ef7d-335b-89c6-0d60320f3647
revoild,44c01888-fea9-323a-81fc-936cfeef6e90
reytic789,21e1e5dc-f8c9-3448-9336-0d622b505c44
ricardo2003d,161775f9-3eeb-336e-a60e-21d7d793d9f2
ricardo_pvp15,bc0efba4-7050-3592-8fe6-dbfbb7dfc9c9
riceh,eedcec41-26f2-3b4a-9aa7-6031614c4de4
rich,34b89726-32e7-3c06-abbe-dbd5efd2a64b
richiru,72000665-80dd-338f-8358-b71a8a1632af
rikusouless,8a7b5c2f-3d1b-3807-b477-031b04ccd861
rin_okumura,cc0abe14-b834-3447-aeeb-e169c193722e
riserplays,9d26167f-4deb-302b-b8be-034eaa297f2c
ritfut,d0f7c30c-4303-3633-a282-2668d84c11f4
rllynegav2,c5f4aba1-a4d9-3dae-a297-7cf21eea9ebe
rockartz,e3ed6eab-cd82-3b3c-9f66-bfc014b67c25
rockgameplay6,773423cf-87e4-3527-aa13-24282e2f6dfe
rodrigamer89,e189eaa2-f9d9-3949-81ff-b30a7425b0ee
rodrigomadonno,1f7d1b20-116b-3dcc-82dd-d6d751f44f3c
ronal99,a8165f4a-89b9-3b6d-8745-4e669e410ed6
rorymora,f422916c-4037-33ab-ad04-6dd2e67bfd5d
rs_irondashyt,9b958531-8017-39f2-bc19-2cf00f52212c
rubencraft,dbd277d5-27c0-317a-bc94-c46cdc6e1845
rugaton,0f447f50-1dc1-33c7-99f6-59026a94fda5
rusherpvp,84f2be65-54f4-3f73-8237-2f86cb5495b7
ryanconrad,b16750ae-51de-399d-9b8a-76eef4727b14
rydeer,321a5ab3-0ee8-3dd3-be70-1cce24d4a399
sakupenhelldead,b4a809b1-95f1-37a7-9de1-e9a86cc6572b
salamipepperoni,e773e834-712f-3b61-a48a-63bb9cae35c7
salchichagamer2,f8a784e8-27f0-3368-ab8f-e542a1a950e8
samuelgamer,f06dd73b-e5d1-37ca-a918-46d59393adec
samurai_yakuza,3968ced8-be3c-3647-9c68-b07d19fca973
saneh,71dcb565-f225-3fd1-8c02-9e7afc8c940d
sangye319,49a2838e-81ac-31b9-bfbd-59075e00e98a
sannino,442ecc94-5cc9-3182-b52f-3a2cb4f9450b
sans00,bbc035f1-9a75-3264-93ae-eb970ffce749
santia99_yt,6497e056-bcf8-3725-9a93-6421bfd77cd6
santiago_g_992,b6b80ca4-1921-3451-b032-7d2b390b8a5d
santig12,56b79530-afbf-34a9-beec-910aa23bc5ba
santygonza908,55d000eb-f121-3f21-af37-74b0003f0b16
sanz4,c2b9e12a-25be-38d0-8740-163b8be7ac84
satanous18,5ef4c982-fa11-3b30-a65c-7ba888ed5d2b
sausnoob,13ef1e77-6108-37bd-8f2d-08ee7a0e64ce
sazuke11,caf4197b-752a-38d6-93af-6b7705aec5e8
scranmax,8bed475a-4301-3244-93d0-13fbbef3da17
screetgamer,491a7b3c-a84f-3de7-a81e-c63d752141eb
sebah_lovek,8868ffe1-75ff-3ee2-b652-a94e8df7d915
sebas1236,b084ab3f-528b-3677-ba81-7b08c9b24d7f
sebas1yt,dcd84974-92aa-3132-84e4-0cffdf774a85
sega135,95e409e0-05b6-3d44-b372-7289417fbed4
selvin,5e1ebe9d-f66c-31e3-a993-b7f90e7fc568
sendstorm,94fc9c46-ab2f-375e-ad11-8a121da56494
senorgato,005e162f-5726-3058-94df-70779af531c9
senty28,1f63111b-6509-3c72-9c27-df5396e9e57c
sergioban123,43444c77-9eb5-3464-b461-4d38f680210b
sergiopjbg,ddb53b29-bc56-3308-93fa-56d7b21f684f
sergioss,3b69ab40-3400-3c6f-b32f-2ba6c4e8300e
sergip20,dfaeb231-da1f-31f9-b248-d02171eca363
serrettigaymis,e5724ecb-1d04-3ddd-9110-c3d0511daea7
sevebr,8c164a5a-ec52-3833-84d9-2045f56dd3aa
sg34,13f7ce6a-1f2e-3cd0-a059-d59befabb9e8
sgrodri156xd,cd4b6c6c-dcbe-3704-ba68-6d7f70ea67a1
sh1nzz,e6fb4a4a-2909-3030-a2cc-edccfa4556a8
shaditz75,21af3f14-a8a5-36d9-9cf9-7a6f661b53fd
shadowgamerblue,55659c2c-a5d1-323f-9185-483b2c82c640
shadowsmist,dfe76151-c09c-341b-b6b8-21d90f4d8db4
shaked7,0272eb15-bb86-3cb3-830c-dc5945e19585
shara972,645b3abc-1efb-3b7b-ae50-45adb59c2096
sharpnessmx,1b7d144a-b106-3a60-a467-772104aaba00
shenolidi,3d58859c-fb0a-36c6-a25f-9cb5f1deb24c
shicken,35b79ea0-9696-3023-bc50-31e3cb00d7ce
shiropelirojo,b62f2134-57c5-377e-999f-1467b113429d
shopp512,fc19a085-eb07-371d-aae8-f334ca45a8e4
shoterdarck,e5b8da7e-4ca4-34cc-8b99-cda8c5a31418
shotherdarck,3f171793-1ca0-3ca4-9364-43ff577c38ff
showyou,d9952505-8055-3217-afe5-44d518241a73
shrektgg,63cb6057-ee33-35e1-b771-2a94bd619f00
shufflebot,d9371c6c-a0b2-3d7c-babb-91e90610f554
shyz_,708fb328-0864-3644-84e6-431064fdbef7
silvio_gamer,f3a1bd03-981d-33e6-94b2-63c55fc83ead
siro10,f0b4ae5f-3a09-374d-b1cf-e500b3ce63c9
skiylar,7b770ff4-49f2-374d-a73c-c640e5ab8eab
skorpionsheep,2b6258c9-9bf9-34c6-9a1e-4ff8c3222337
skyburst6,6affc8ec-132f-39b0-aaf4-0e840ed43ca0
skycraftmc,023449b6-7592-3b3e-8539-d12cd8e33ba8
slashstats,31aaa246-8eef-3543-a693-49d7b094027d
slimerpvp,a0c78b2e-763e-375c-94dc-dca5fd3ed67c
slogerxd,4a656f7e-a329-37b2-86e3-1e0239107f83
smilepeper,dfc23eb1-e8fe-326c-89d1-631fb20cf124
snaashy,9ca74a7d-cf85-360c-ba8b-2ff8222f5ecb
soark420,a912dbab-bd8c-386d-b873-b6085d17d4ef
socramomg,c5304120-b498-3023-9348-3f2c2d2f6aa7
soney,2d7352bd-cc76-3064-8744-555af17c9801
songoky,48547dda-01aa-3bc6-a85a-d68bfeed96cb
soticocraft,2cfbf4f2-70f1-34fc-8f8d-680e19bfa9ab
soyez,f7b7eb59-7f18-3add-b1f8-fa49181381b9
soysupercool,e4998ed0-b559-3f33-a4f3-676010edf000
soytomanco,c5b66c64-5796-3655-92b4-362cfbe4b70c
soyvegetta777,66a47961-35a4-3161-b690-f5723b91201b
spainminecrafter,422a2150-3522-38bf-adb3-3d450e17c984
spamscam,74e092e1-df49-3f86-bb22-754fe56b818e
speed,33f12390-1180-38c4-bd0b-7447762948bf
sporecrissyt,dea00066-93af-3d64-a6f6-0d99d6193a9e
sr_gamer36,691c2787-e744-30d1-b1f6-1cab6f80bb11
sreduuu,919b057c-b212-3a31-8139-57bef8dba0dc
srlevel_,642ba852-b9a6-3710-89de-024d0f8e780e
srmeliodas11,47b779f2-cc7d-3e01-b626-01f3c049c23e
srnerbos,06b1b97e-ab85-3153-97f9-2767cb2cf3ee
srnyksyt,b1d288cf-6d15-3cf6-9efb-5cf5f03af2be
srpaphu,238d0830-d290-3aa1-88ad-627e7dfb7cf4
srpoof,8808b038-de00-3119-90a0-ff93d79ffc85
srsagrada_pvp,e270fb6e-174c-3404-b635-2b4484b889a6
srsebas,bc11ac3b-eede-3b70-8b70-3cd81bae07cb
srservidores,5eb19b9f-85a8-358e-ad7f-184213bff3a2
st_pheonix,c455eb36-eabb-3760-8017-e20a87cc08e6
starbase,27c51fbd-b598-3101-9778-1dc57efe7a71
starklosch14,9be6540a-d18f-3f7f-99d5-a167a2392b87
stijny,1ac0cc2d-9303-31b5-83d6-489e02fc8fbb
stormmcsg,37316099-13d2-3aea-988c-18a626b68acf
strafepvp,ec2d0840-6946-39f5-b0a6-1694ac4a8f35
strikeboom,b97d525a-dcfe-3a4e-ab4b-8e3e897a9b20
striker987,22fe025e-2827-3ddc-a739-32cab84ad460
styles21354,66921e01-3586-35b2-ae7a-41da8b953ee5
sublime,c8102cb6-6250-3af5-b6a2-b465be912be3
sublime_gamer,6601b349-7076-3b0d-9cec-5ce6929d51e4
suchhtoggle,a50a71f8-65c6-369f-bf13-d1af7c3cb0de
suchspeed,4869a469-39ad-3229-a1d0-1256a0bb950c
suchtoggle,ea769e36-ff18-30ad-9bff-c8e544933ffe
sungako,b675f8fb-6023-30b5-a5ff-f0906af834a7
sup3rg4t0kp0,06a54a8f-b56a-3963-9884-8be471dc2fdc
super898,6d820ae6-ca3b-304d-925e-996836fa2d27
super_laska,1db476d0-c5ba-35c3-bfcb-f9d42fb72cff
super_mario_brth,6b38f205-2181-3c97-a7bb-8a2c395e62c1
super_skills,bf829f17-1409-3812-a5bf-569a109b1f94
supergatokpo,1d73a5e4-b96d-34a1-b711-340622fe7bad
superjako,5c4b6558-55e6-35f2-ba0a-098edba41ceb
supermoy1212,9b016919-3b61-3164-ac85-0d4b160d3445
supricegamer,2aa327ff-78e7-328d-9943-85bc6dcf3f18
susero,1d93c2f3-5a43-342a-8e9c-09ae66f0320a
swagcheetah,2f3ca17b-b1d9-38e6-b840-2b3ff3d1a70e
swillie04,a010e884-70ab-38a5-acbf-83895f852f35
szaren007,47c2e2f5-7694-3961-a129-67d175d9c1e5
t_underwood,3b37b6c7-4c1a-309a-8538-02c2384e625d
taffetalist3418,fb7bef54-4670-3676-9fae-2d0ce5ae269a
tailss_kawaii2,cc6af1e7-1a62-3d63-91f8-15edcbbead62
taitan,45a868f8-5499-3bca-bf86-fa10c167e996
tatingamerl,b1328aa6-aff4-3094-b4ef-c224e6e98fea
taxquemc,433c3876-353d-35ab-9be8-e23cc0742207
tcp_tiotinrux,36dead84-6fd2-3422-aeef-8e7ea1aef4dc
tech_,b70d8a5b-d154-3e19-9ec5-fa77d937f202
teemo123,9e8bd9f8-5b7f-3850-a0cf-3d68b89cdc8e
tef_archig,fe36f9d1-01d0-3762-90b7-f28f96e4de54
tenack,90c80de8-40ed-33b1-9ae7-9f4c4b55e2b7
teoxpivipi,42e579df-37f0-3175-931b-12829d38cede
th3glitchcow,85ebd869-555f-3a49-9aca-9136a3b2822a
th_d_311yt,2234b4d4-bdda-382c-ac6b-c3100b50b696
thatbutter123,c6e30fae-f3bd-3586-98ca-7b615022ff7f
the_thwomp,6c46b004-d85d-3b97-926c-b94858b4ff61
theangel_s,7de73921-249d-3070-9194-0725a1e2bef4
theangelo29yt,6b37c6e8-dce4-3654-8ef7-6a49de61f105
thebandoty,3a258236-7394-3184-b16a-3014234b63b6
thebartoslo,0bf21ec8-ce2c-3587-8544-288e89485e1b
thebestjeshua,f9f87ada-2ee0-317d-b8d8-ab7681d188fd
thechonixx,7afb2bb1-2564-38b2-bbd4-a3df93c10ffb
thecreeperfarts,52a2f9c7-e8c6-3669-aa48-42b94a9608ac
thedavicdarkc,aa724f76-6994-3554-a3ef-c066fdc2fc15
thediamondzmks,c53a6784-0089-37e6-8cc9-08172e384956
theefexx,6a60de3e-7d92-3fd9-ba86-c2045d059b23
thefelipeee,4cc5c162-7514-3de6-8885-b0b680cc725b
thefelpas,69ccd9d0-b4c4-3716-bafa-77eeedb1f1c6
theflowgamesyt1,f5b52029-87f0-32d2-8a4b-1f26520037d9
thegamer2793,556952f0-6c7c-3ad9-a807-e9106b976e4f
thegamer67,434a43ce-543e-312e-9d08-ee1a5a74f8bb
thegamerjohan,19ca40a0-c1fa-35cf-b1c1-fcbe1280b2a7
thegrimer,90a628c5-4717-3c7d-bac7-2e15896a2571
theignacio,cabd88be-24f3-3169-9afa-1f680568a7b4
thekiller929,13dbfb39-458b-348b-8fb4-0dd780fa94fd
thekiller_4899,9266fc3e-a0e6-3180-b0f5-7cb532764103
thelouishm_yt,ffbaec9d-73b8-337e-8c0b-ec3666ffc6dd
theninja845,9d1baad6-a1d4-3b04-b6fe-74a287c02bc3
theonlyix,91a01d80-71de-3b85-8639-2e83f865d82b
theos,17dd396c-ba71-341c-bcf1-12532b8fc6ae
theosvaldocatt,16a3a6f8-2765-380d-b489-f6fb554278fe
thepawelzalbanii,9a542c5d-ffc5-3778-a6b0-0e3f4ccba747
theplayersyt,00ea691a-19b0-3d21-93ca-c02768375fe1
therockmangamer,55049e05-5d7a-3009-b517-6b42919fb92f
thesaiyan_yt,8246026b-bcae-3d09-92af-c1214e111e88
theshadowhd,a5568611-7742-3a59-bdca-2dd65548349e
thesonicgamerhd,d8852ae8-a520-3c3f-889b-ebace32352af
thespeednew,57d80b2d-f50d-3a61-b223-05181cf149a7
thestormtrooper,f37ebff5-830f-392f-b731-ffe1287c536b
thetimerunner,2cf00a66-b476-31fd-b21c-b8efa60f9ad7
thetitansd,4504fd51-a371-30a2-b333-cd0dfa49c01a
thevic24craft,2b6d37b1-cf54-3dfd-89c4-777acb89477a
thewillyrex,20315d9c-c642-3cd4-84f7-1df8006d23ce
thewolfblack5,6f94fc1b-0c52-3374-8536-fa5b95e7841b
thexjeff,df918583-3dce-3b3d-afcf-0f9d3d9e436e
thibrielyt,3336944e-14fb-3088-856c-1e81e629c312
thomas_pvp,a5eceab9-1c75-32fc-94f4-0805f4b020ca
threedogs,ae69b1e0-edfb-3444-b475-e0ebfffcc44d
thunderwee,accabe40-a23d-38e0-b145-5416a11c3446
tiag,55ff6ff8-e58d-3cd2-8fcf-65c21f13bf06
tiernezitoh_pvp,e602323b-ff45-3b18-9f40-a9b6b9ce006a
time_gamer,349467d3-a597-3fbb-a0f4-ce2113efec2d
tipidoggie777,469cac81-b536-3848-89ee-35397991c3ab
tisyernitemare,a7420368-5f6e-311c-a0a5-006a4a19d0a5
titanclient0_0,134a130d-6956-310c-9527-e62153485b5e
titangamer,e72a56aa-2daf-3b30-8b40-8ec1f8013324
titian,edaa7503-161c-3eb8-8c6c-19071493c3dd
titocali_hacker,c02023cd-7011-3711-99e7-990bff61b7d1
tivengyt,c54b4701-08ca-334d-bb04-c3f55c95d009
tjhockey22,32dc1fdf-4b63-3b6f-82c4-cbd93b5876c9
tofutofu,340bd88c-f6bd-382d-a0cb-b6086123e2c6
tom222,8458e190-1d9f-3fb9-890f-d3afe01aa01c
tomi132,e982bbf7-7283-3132-9826-98d59757d2c4
torbiantamx,06e47e98-b2c8-3a1c-adb3-bd95786fa46d
torretatoll,d9273ae6-524f-3804-aaee-a3a01ce20db8
tortolito,e4e4e8b1-0636-3a9d-aa05-71b5f9a31ec3
tory,fa1d66b7-edc0-30d0-b220-b5a74ee21249
totoro_16,83254a97-161a-30d3-8924-615a0a1cf0fc
tovytc,2aa12b70-a93f-36c3-bc40-81f133224995
towercraft99,dfe716d0-6d49-346d-ad50-cd63d7e5d5bd
trankcraft,57b0178b-16d1-3fb8-af8b-f891e37f86dd
trekko7u7,8044923d-60e6-3965-8c58-7492b0321925
trimaster22,0e1f762d-d8ae-397f-b281-d7953b2f6b12
triplezone,bec02dee-f74e-30fa-85e8-1504b0755c13
trolerotroll117,8726a9f4-0fc5-3847-ae9b-a04f4701e6f7
trollxgamer14,b089d0a3-ca34-3691-87ae-896f56e82a33
trspace,ffd06bb3-7098-3557-b455-64c51732fd59
trunks_gaymer,3ad0fcbc-996a-3fd3-8394-88def0b12bca
tsunami,cf8942fe-15a0-311c-89db-5b1e3f6bdba5
tuchamaco999,768e88fe-6817-3363-9816-27e935c40944
tudor2031,4ae767fe-ac0f-3e13-b5bb-48e1419527a6
tum5,59e19621-fd20-3124-bfa7-6ddf9d0121c6
turtle_pvp,2bac7fe6-89b2-318d-b343-36466b2ecedd
txaqmixugvj5ha3x,21fa3d5e-8758-3e84-bbe5-77013a3f8a90
tylarrz,80772f86-e857-3abe-97be-4a0ee6693cdd
tylarzz,be582a37-083b-3c02-bbce-3adf8f53ce37
tyrige,36cb0e65-6bb8-30eb-b3d0-0f3805ae4a2e
ummetozcan10,58fca4f8-52fd-3543-b088-d5606b4ade38
undefinedlol,d587b4cc-c867-340f-bcaa-ffac869be38b
unikoomg,cf102dbf-cf24-3720-b822-ba2540b68bf4
untalchuchin,3c7f7c46-0237-37fe-86fa-b464020f66b4
urieljuegajuegos,bdf260b0-a0b5-319c-8e8f-00b30f1725cf
user1610,833d9710-98c6-3263-be13-6160147041b3
uzp6mhsihilyn251,acafd87b-2dbc-3d70-8e4c-83085cb77af1
vadriflash,84555320-317e-359a-a606-a25f169679ec
vaken,0c410d17-efe8-3934-aa0a-7cd910005927
valrongamer13,cc50b5af-b9f3-322c-b08c-3aa67ce3930a
vectorgamerz,0e941fe0-b32e-3f96-8456-0c38bd4ad650
vegetauchiha,75130f07-33b9-37f9-9a36-931c292b30b9
vegetta777gaymer,2e909906-7764-34b3-87a3-5a242671a93a
vegettagaymer,50ae148e-b404-3b0d-bcd1-08d7ab9b7cd8
veliwis1234,546b9044-b096-3b0b-a70f-8b2745b427d8
venom14,db7eff1d-944c-3c0f-b610-5630fb02e24b
versaide,84efc331-c8d1-34d2-968d-ab083c0460be
verzide,8956b6c0-251e-3db0-8005-9fef77cdc48b
vezide_xx,51dc4b2e-2a02-3944-8f3c-edb4b29a4108
vh_oa0lagthz6fzh,31288f6f-76b7-30c7-91fb-c7eaa708836c
vibski,7a1f3a58-6f85-3137-81d4-84dc08b2974c
vicky108509,d4759404-3517-37c0-b11f-709eca1f13a7
vicky123,183424fa-e48f-3089-b20e-911fcca358e2
vicky_wi_pro,d30af13d-cb58-3ddb-8a5d-5fbc1e0489a3
vickytoria,5dec82d8-c9b0-30fb-b694-66dbc1192757
vickytoria123,0c2da7d5-f385-3c38-a23c-13b4aa61c8a5
victor240102,ebce3aae-db82-38ad-9efd-f6d6346a4aca
victoria,591a1c04-ccb5-34bd-8d16-fcbf5d016963
victoria1,0be8be78-42a1-3e3e-9530-188ca105ced3
villanagames,2218681f-3863-33a9-a408-b98af8477411
virgoman,489acc0f-95eb-3027-84f9-a12e43fc6142
virision,d05712e3-a30c-3511-b982-c8f72b2bffb3
viruhnegrozhido,91bd6cb5-bac4-3766-8e6a-14d24684c6f6
vzlablack4,f00b00a1-9f8a-309f-9629-cc76809a2e13
waf4t4fbrrqutfeo,bf799737-bb26-33f9-b3a8-5b6d22ecf866
walfredo75,af279630-945d-3fb8-a952-24982f4e1b11
wallemug,19630988-80ec-37ef-8fbe-074c44f27180
warrioryt,666733c2-f6c8-3fd5-9a28-33a8fe36493d
wasd53122,924ad43d-4b37-3e5d-b643-b1994c648d1b
waxtz,196b7229-d062-33e0-8cfe-2c6a6222693c
we_que_pe,c4568d48-9c3f-3d12-8973-89dd230b085d
weygamer21,44353e8e-7c3d-3aa0-9da1-96883075946e
wgfmerqsp9_zuoka,d483d3c3-96fd-3205-9532-625f6af056dd
wheresrazer,35d30f88-87f9-378b-8f83-573a3f842e9d
wilfredo75,a8626bd7-7486-3412-90b3-f1c571a91970
willoaktree,19993cd4-011b-373c-9f42-b5fb893aca5e
wisswtf_yt,b890ab20-9931-36fe-b358-6a89422f1017
wolf10craft_yt,2c7a6a00-63e3-3320-88ff-74b34a1e3411
wolf421,ebc883c6-8672-3d41-987d-4875f54dd510
wonkagamer,2594bc64-7dfc-384a-8aba-974c81c6aa96
workbench,98e6faca-c699-3c04-b1ce-3c3495a0a36d
worldwario,6ab22d26-7f41-3f36-b0a1-1a0da0742898
wxk0tyx9ylxkmyib,c7fb0f68-375f-3eef-92f8-6bf291566e40
x_bingoenergy_x,c28580b2-6da7-31dd-b2c0-0b781b3fe2ad
xalexplay,a92fe547-ea1d-306b-8202-5efdacdbdd9c
xande_12,6452b438-41cf-3fe4-b9d3-5a2a9262a644
xanthony330,33c5aecf-d27a-3144-b080-bb35299df419
xantoni,0ab01892-8236-3495-951b-9d4e1c5c3499
xavery52,38c9b7bc-6c3e-3db6-bdd2-c42bded7e39a
xawesomejoey8x,4157020b-514e-3043-92ba-b129b4a9d5a2
xaxelgg,fbc894db-ac63-37a1-b3dc-5ed1e2fa9044
xbetogp,ed7b3d28-f1cf-3d1f-a2d3-d76b52361d2e
xbf8hczcnht9fpfn,6bdabe37-ed0f-3ad3-91cd-befa501d7bac
xdarkpigx,7b0beb4d-3dbc-3464-b276-1c39281b8f4e
xendeeryt,6b7fa814-27c7-36c4-84db-37e8bef354e8
xezequielarg,7a894f28-1b61-3ea9-9f56-304df0d892fa
xfrank320x,2f53c732-4304-30e8-9848-a91b527cbeca
xibr0wn1,0d6a3968-0941-3144-bba8-89fde1f379d6
xirch_d,398c0e94-d001-358b-a9ca-917da0a69f13
xlibriosgames,63b01adc-ea54-3284-96c6-e69af356bec5
xmarcianitox,4e42fd69-f70f-363a-a72d-7e4254d59e1b
xmatixprox,76f5a62f-ebbb-374b-b06e-b92af9d063b4
xmaxiggz,644cdf59-0c2f-3a7d-8ab7-cd51dda20915
xmecoboy,fcb6ff06-0422-3ba9-b72e-da7994f55ecd
xotar,f69ad969-9cd2-3965-8dca-293ec8dfa776
xprestx,fb421f81-6dce-3bed-a45a-de90ea50710e
xrastenyt,97a6bc34-32ef-33f8-8b0e-8b53fcb0636b
xravi74,f3315485-e2ca-3b17-a3e9-cf6e1a3d7c48
xrex123,7bb752ab-aed5-37b0-a43b-ec41dcb1a931
xrpgml,dd7310fa-df56-34d8-a338-1412f07d571f
xstandmc,08407321-3040-323c-bd09-cba6e973f58f
xstrai69,1a0f6ad1-0343-3676-97a4-7dfd3ad88309
xtzangelhd,cb7241de-8bef-3ac1-a14d-702604e198c2
xvoykdnccwlm_hiw,6344a6ca-fb9b-3e2e-b91d-ac412e9d7f49
xx_jojogamer_xx,2919c118-7d03-3aaf-bd2b-b43b0d186858
xxafirezx_7u7,4a867dff-13d4-3834-b08d-175de460581e
xxagussxx,36da3c15-d9f5-3c32-953d-dd71d9b79462
xxbriancattxx,00c24bb2-f1c5-3f30-8315-9abd0d942fc4
xxcatitianxx,70034fbd-b57b-3292-9a43-e045e181bba4
xxdavixpvpxx,d73fdb83-b2be-356a-85a2-a4de83ac852b
xxdavixx,d0acca24-09c7-3e9c-a475-bc69f570db3b
xxeleric00xx,eaa36a1e-7ce1-3a81-8c66-c34854f35d91
xxelielg4m3rxx,2a8e818e-509c-3f5e-992a-dc03d6a9f731
xxernestito0wxx,1ead92cc-1256-3919-8ebe-4f430f7a350b
xxeroscraftxx,faa1fea9-1756-3a15-b7c9-c9afd8f68c81
xxjoseph_gamerxx,97176d82-5f78-3889-b7bc-e68e4bd01edd
xxjuanma,ce4e9084-d9c0-3904-81c2-049c21e81e33
xxkaneki15xx,1197ad0d-3539-341e-99ce-9c59d2d2e3c5
xxkeneshixx,22854a57-7e04-3b9f-8b8a-dcec1f40967a
xxkratosxx,ff1e9ccb-1978-3d6e-a148-83d1c7e6e44b
xxkrisgamerytxx,86462a76-2784-32a6-a01f-d04e2ff3e791
xxmaguinexx,bdbd5bc5-e26a-3d18-8652-fd656a7f7326
xxmatiuszomberyt,faa9f48a-a4cf-315b-8009-2b74c4b91436
xxocta18xx,0e75ce2d-f663-31e8-8ca3-2bb99d09aa68
xxonfirexx,1be1e4b2-f497-3645-8b2f-29d37f014d6f
xxoxb_benjaxx,8d08e46e-97e6-3901-9cc9-6dca16ecb5f6
xxoxb_vichoxx,9d374a06-a6ac-3638-b7b0-d828b62716e0
xxsantygamerrxx,32434374-e0f3-3b80-85af-34f53b96ac6c
xxsuseroytxx,78f23887-9251-3929-856c-987770b06318
xxxgeraxxx,d6ad22d2-bb4b-3da4-8945-7a610fcec5af
xxyentrix500xx,e227709a-0a9e-30e0-9b64-b2b5383683f8
xxyogibear,a6f28a77-0a3f-3f2b-9018-f5dee187fbb5
xzaidz,3cd15a19-d4d5-3193-972c-695b733ea872
xzyoki,26e82f6e-8ddc-3b85-ba73-001daa764619
y1bx7trnhzyhajky,f95f12eb-4f1d-3610-8afb-961743305c16
yaely327,6b923c4a-764f-37f5-beb4-63769f1a0391
yami_ayk,d95103ed-04f9-3c44-a75a-43acce138fa4
yamichan,2e5d9518-1402-3fde-99a8-cea90325536a
yancagameryt,920554cc-eaf6-3cdc-ba6b-7c5fedcd617a
yaraprahmc,09cbf0e5-be0d-3603-af9d-651e26f61194
yoelgamers,77cd2a06-589a-3266-bcba-dff8abb0f08b
yombox9,3c6e8b42-1f25-3118-a24a-5817b462ec44
yosoyanonymous,8b172acc-feed-39c5-a1cb-1beb5fa3526e
yourmrmuuz,84c930c5-3176-330a-aa25-b124910df9e8
ytrappey_tm,230f807e-eb11-3690-80ca-2396380deda4
z4czirm7l1tr0tap,f18a3549-5877-3423-ae2c-257b8c893238
z_pedro,9eb56c98-96fc-33bc-b449-e6b670986341
zac0403,85d4576f-9f26-3c88-9f1f-77353c35c663
zac09mirkolord,fee6e61a-e1dc-37cc-8163-5f84be61c6a4
zac_profile_1,435c7c54-7ffa-3433-a186-4a8a86f93342
zack1214,722e0816-4dc3-3770-b76a-7cd8a682498a
zackeroon,eb6d2359-8719-3c3f-b4a6-f2d3f6723a6c
zakkto,092d705e-f0b7-3ca9-81e7-655e0b6fc246
zangel_,eef01ca0-2041-3b4f-b7b7-dc5899bc8c49
zavontstm,26665b29-850a-3ee7-8d9f-22170bdb3892
zcaritafeliiz,748d22be-9831-305f-92cf-8d821d9980ae
ze_cana_braba,80786ae1-7a3f-3dd0-a8d2-c049b769bb8f
zebas_xzr,3dc65f65-8601-31fb-b4a6-c81be517b224
zero2_hero,d571a226-971d-36e0-97c8-64b25b339633
zeromaxhd,e4d3b5ab-8b2f-3359-b636-935cc53a9792
zeta,be28fd3d-fb50-364f-bc7e-3fff7e84e6f8
zfuriouss,ab1330e4-85c4-3b26-831d-cfc5bb9a96f1
zmaguito_mx,2d48dbe8-f509-36a1-8ffa-b793b63f3998
zmalvado_yt,a846237c-6e95-3cb4-bf6f-230c1d88ca1c
zmcniikolai,7e5fcf00-7532-30f8-b18d-de7454a3d7b4
zorzalgamer_yt,22bd1f1e-c0e9-3e30-a7c9-8f7b73d427b7
zskilldow,25383d8d-6c27-3706-945e-d22364e96ba4
zt0m,bc1da3cc-44df-3ed8-a4d6-c5e376484bd5
zuhir__,6df460a5-acb4-3614-a0da-eb505d982056
zukujustin,1d79f1f9-ccf7-33c3-997f-8af838487b52
zwhatermc_,c98f43d4-5cbd-3f59-ac06-1fafc28c1ff5
zypherized,f0eb2c2b-8b18-3d69-aa43-e8a0ceb2b00f
